race,uf,round,scenario,basis,poll_count,last_poll_date,candidate,party,avg,latest,n_polls,resultado_tse
presidente,BR,1,1º turno,validos,10,2026-10-03,Lula,PT,45.5,42.6,10,
presidente,BR,1,1º turno,validos,10,2026-10-03,Flávio Bolsonaro,PL,44.8,44.8,10,
presidente,BR,1,1º turno,validos,10,2026-10-03,Renan Santos,Missão,3.5,2.8,9,
presidente,BR,1,1º turno,validos,10,2026-10-03,Escritor Augusto Cury,Avante,3.3,4.1,9,
presidente,BR,1,1º turno,validos,10,2026-10-03,Ronaldo Caiado,PSD,3,3.9,9,
presidente,BR,1,1º turno,validos,10,2026-10-03,Zema,Novo,0.5,0.8,9,
presidente,BR,1,1º turno,validos,10,2026-10-03,Rui Costa Pimenta,PCO,0.2,0.1,8,
presidente,BR,1,1º turno,validos,10,2026-10-03,Samara,UP,0.1,0.4,8,
presidente,BR,1,1º turno,validos,10,2026-10-03,Veterinário Wilson Grassi,Democrata,0.1,0.1,8,
presidente,BR,1,1º turno,validos,10,2026-10-03,Clariana Barão,DC,0.1,0.1,8,
presidente,BR,1,1º turno,validos,10,2026-10-03,Hertz Dias,PSTU,0,0.1,8,
presidente,BR,1,1º turno,validos,10,2026-10-03,Edmilson Costa,PCB,0,0.2,8,
presidente,BR,2,2º turno: Lula vs Ronaldo Caiado,validos,10,2026-10-03,Lula,PT,51.8,50.59,10,
presidente,BR,2,2º turno: Lula vs Ronaldo Caiado,validos,10,2026-10-03,Ronaldo Caiado,PSD,48.2,49.41,10,
presidente,BR,2,2º turno: Lula vs Flávio Bolsonaro,validos,10,2026-10-03,Flávio Bolsonaro,PL,50.3,49.46,10,
presidente,BR,2,2º turno: Lula vs Flávio Bolsonaro,validos,10,2026-10-03,Lula,PT,49.7,50.54,10,
presidente,BR,2,2º turno: Lula vs Zema,validos,10,2026-10-03,Lula,PT,54.4,51.16,10,
presidente,BR,2,2º turno: Lula vs Zema,validos,10,2026-10-03,Zema,Novo,45.6,48.84,10,
presidente,BR,2,2º turno: Lula vs Renan Santos,validos,10,2026-10-03,Lula,PT,56.1,57.14,10,
presidente,BR,2,2º turno: Lula vs Renan Santos,validos,10,2026-10-03,Renan Santos,Missão,43.9,42.86,10,
presidente,BR,2,2º turno: Tarcísio vs Lula,validos,10,2026-03-23,Lula,PT,50.6,49.52,10,
presidente,BR,2,2º turno: Tarcísio vs Lula,validos,10,2026-03-23,Tarcísio,Republicanos,49.4,50.48,10,
presidente,BR,2,2º turno: Lula vs Jair Bolsonaro,validos,10,2026-08-30,Lula,PT,51.1,51.49,10,
presidente,BR,2,2º turno: Lula vs Jair Bolsonaro,validos,10,2026-08-30,Jair Bolsonaro,PL,48.9,48.51,10,
presidente,BR,2,2º turno: Lula vs Michelle Bolsonaro,validos,10,2026-07-27,Lula,PT,53.5,53.45,10,
presidente,BR,2,2º turno: Lula vs Michelle Bolsonaro,validos,10,2026-07-27,Michelle Bolsonaro,PL,46.5,46.55,10,
presidente,BR,2,2º turno: Lula vs Ratinho Jr,validos,10,2026-03-25,Lula,PT,52.9,50,10,
presidente,BR,2,2º turno: Lula vs Ratinho Jr,validos,10,2026-03-25,Ratinho Jr,PSD,47.1,50,10,
presidente,BR,2,2º turno: Lula vs Escritor Augusto Cury,validos,10,2026-10-03,Lula,PT,53.6,55,10,
presidente,BR,2,2º turno: Lula vs Escritor Augusto Cury,validos,10,2026-10-03,Escritor Augusto Cury,Avante,46.4,45,10,
presidente,BR,2,2º turno: Lula vs Eduardo Leite,validos,10,2026-03-29,Lula,PT,59.2,56.1,10,
presidente,BR,2,2º turno: Lula vs Eduardo Leite,validos,10,2026-03-29,Eduardo Leite,PSD,40.8,43.9,10,
presidente,BR,2,2º turno: Lula vs Eduardo Bolsonaro,validos,10,2025-12-04,Lula,PT,54.2,59.77,10,
presidente,BR,2,2º turno: Lula vs Eduardo Bolsonaro,validos,10,2025-12-04,Eduardo Bolsonaro,PL,45.8,40.23,10,
presidente,BR,2,2º turno: Lula vs Ciro Gomes,validos,10,2026-05-21,Lula,PT,53.4,56.94,10,
presidente,BR,2,2º turno: Lula vs Ciro Gomes,validos,10,2026-05-21,Ciro Gomes,PSDB,46.6,43.06,10,
presidente,BR,2,2º turno: Lula vs Pablo Marçal,validos,9,2026-09-04,Lula,PT,54.1,57.31,9,
presidente,BR,2,2º turno: Lula vs Pablo Marçal,validos,9,2026-09-04,Pablo Marçal,PRTB,45.9,42.69,9,
presidente,BR,2,2º turno: Lula vs Aldo Rebelo,validos,8,2026-05-05,Lula,PT,66,65.07,8,
presidente,BR,2,2º turno: Lula vs Aldo Rebelo,validos,8,2026-05-05,Aldo Rebelo,DC,34,34.93,8,
presidente,BR,2,2º turno: Fernando Haddad vs Flávio Bolsonaro,validos,10,2026-07-27,Flávio Bolsonaro,PL,52.7,49.66,10,
presidente,BR,2,2º turno: Fernando Haddad vs Flávio Bolsonaro,validos,10,2026-07-27,Fernando Haddad,PT,47.3,50.34,10,
presidente,BR,2,2º turno: Tarcísio vs Fernando Haddad,validos,8,2026-02-02,Tarcísio,Republicanos,51,52.35,8,
presidente,BR,2,2º turno: Tarcísio vs Fernando Haddad,validos,8,2026-02-02,Fernando Haddad,PT,49,47.65,8,
presidente,BR,2,2º turno: Lula vs Joaquim Barbosa,validos,6,2026-07-06,Lula,PT,58.2,66.18,6,
presidente,BR,2,2º turno: Lula vs Joaquim Barbosa,validos,6,2026-07-06,Joaquim Barbosa,DC,41.8,33.82,6,
presidente,BR,2,2º turno: Geraldo Alckmin vs Flávio Bolsonaro,validos,4,2026-07-27,Flávio Bolsonaro,PL,51.2,48.25,4,
presidente,BR,2,2º turno: Geraldo Alckmin vs Flávio Bolsonaro,validos,4,2026-07-27,Geraldo Alckmin,PSB,48.8,51.75,4,
presidente,BR,2,2º turno: Lula vs Tereza Cristina,validos,4,2026-06-12,Lula,PT,61,62.42,4,
presidente,BR,2,2º turno: Lula vs Tereza Cristina,validos,4,2026-06-12,Tereza Cristina,PP,39,37.58,4,
presidente,BR,2,2º turno: Jair Bolsonaro vs Fernando Haddad,validos,5,2025-06-15,Jair Bolsonaro,PL,50.1,53.34,5,
presidente,BR,2,2º turno: Jair Bolsonaro vs Fernando Haddad,validos,5,2025-06-15,Fernando Haddad,PT,49.9,46.66,5,
presidente,BR,2,2º turno: Tarcísio vs Geraldo Alckmin,validos,3,2025-09-15,Tarcísio,Republicanos,53.7,56.67,3,
presidente,BR,2,2º turno: Tarcísio vs Geraldo Alckmin,validos,3,2025-09-15,Geraldo Alckmin,PSB,46.3,43.33,3,
presidente,BR,2,2º turno: Flávio Bolsonaro vs Zema,validos,3,2026-06-12,Flávio Bolsonaro,PL,61.2,57.2,3,
presidente,BR,2,2º turno: Flávio Bolsonaro vs Zema,validos,3,2026-06-12,Zema,Novo,38.8,42.8,3,
presidente,BR,2,2º turno: Fernando Haddad vs Ronaldo Caiado,validos,3,2026-05-08,Fernando Haddad,PT,58.3,54.25,3,
presidente,BR,2,2º turno: Fernando Haddad vs Ronaldo Caiado,validos,3,2026-05-08,Ronaldo Caiado,PSD,41.7,45.75,3,
presidente,BR,2,2º turno: Flávio Bolsonaro vs Escritor Augusto Cury,validos,2,2026-09-16,Flávio Bolsonaro,PL,54.4,54.43,2,
presidente,BR,2,2º turno: Flávio Bolsonaro vs Escritor Augusto Cury,validos,2,2026-09-16,Escritor Augusto Cury,Avante,45.6,45.57,2,
presidente,BR,2,2º turno: Lula vs Aécio Neves,validos,2,2026-06-25,Lula,PT,67,69.22,2,
presidente,BR,2,2º turno: Lula vs Aécio Neves,validos,2,2026-06-25,Aécio Neves,PSDB,33,30.78,2,
presidente,BR,2,2º turno: Flávio Bolsonaro vs Ronaldo Caiado,validos,2,2026-06-12,Flávio Bolsonaro,PL,59.5,55.43,2,
presidente,BR,2,2º turno: Flávio Bolsonaro vs Ronaldo Caiado,validos,2,2026-06-12,Ronaldo Caiado,PSD,40.5,44.57,2,
presidente,BR,2,2º turno: Fernando Haddad vs Zema,validos,2,2026-05-08,Fernando Haddad,PT,52.1,52.28,2,
presidente,BR,2,2º turno: Fernando Haddad vs Zema,validos,2,2026-05-08,Zema,Novo,47.9,47.72,2,
presidente,BR,2,2º turno: Fernando Haddad vs Ratinho Jr,validos,2,2026-03-05,Fernando Haddad,PT,50.9,50,2,
presidente,BR,2,2º turno: Fernando Haddad vs Ratinho Jr,validos,2,2026-03-05,Ratinho Jr,PSD,49.1,50,2,
presidente,BR,2,2º turno: Flávio Bolsonaro vs Ratinho Jr,validos,2,2026-02-07,Flávio Bolsonaro,PL,59.3,60.11,2,
presidente,BR,2,2º turno: Flávio Bolsonaro vs Ratinho Jr,validos,2,2026-02-07,Ratinho Jr,PSD,40.7,39.89,2,
presidente,BR,2,2º turno: Flávio Bolsonaro vs Tarcísio,validos,2,2026-02-07,Flávio Bolsonaro,PL,52.7,53.4,2,
presidente,BR,2,2º turno: Flávio Bolsonaro vs Tarcísio,validos,2,2026-02-07,Tarcísio,Republicanos,47.3,46.6,2,
presidente,BR,2,2º turno: Lula vs Rogério Marinho,validos,2,2025-08-25,Lula,PT,55.2,53.16,2,
presidente,BR,2,2º turno: Lula vs Rogério Marinho,validos,2,2025-08-25,Rogério Marinho,PL,44.8,46.84,2,
presidente,BR,2,2º turno: Lula vs Gusttavo Lima,validos,2,2025-02-27,Lula,PT,54.9,55.81,2,
presidente,BR,2,2º turno: Lula vs Gusttavo Lima,validos,2,2025-02-27,Gusttavo Lima,Sem partido,45.1,44.19,2,
presidente,BR,2,2º turno: Lula vs Damares Alves,validos,1,2026-07-07,Lula,PT,54.7,54.67,1,
presidente,BR,2,2º turno: Lula vs Damares Alves,validos,1,2026-07-07,Damares Alves,Republicanos,45.3,45.33,1,
presidente,BR,2,2º turno: Lula vs Marcos Pontes,validos,1,2026-07-07,Lula,PT,55.3,55.26,1,
presidente,BR,2,2º turno: Lula vs Marcos Pontes,validos,1,2026-07-07,Marcos Pontes,PL,44.7,44.74,1,
presidente,BR,2,2º turno: Lula vs Michel Temer,validos,1,2026-06-14,Lula,PT,66.5,66.53,1,
presidente,BR,2,2º turno: Lula vs Michel Temer,validos,1,2026-06-14,Michel Temer,MDB,33.5,33.47,1,
presidente,BR,2,2º turno: Zema vs Ronaldo Caiado,validos,1,2026-06-12,Zema,Novo,50.3,50.25,1,
presidente,BR,2,2º turno: Zema vs Ronaldo Caiado,validos,1,2026-06-12,Ronaldo Caiado,PSD,49.7,49.75,1,
presidente,BR,2,2º turno: Lula vs Tallis Gomes,validos,1,2026-02-09,Lula,PT,69.7,69.73,1,
presidente,BR,2,2º turno: Lula vs Tallis Gomes,validos,1,2026-02-09,Tallis Gomes,Sem partido,30.3,30.27,1,
presidente,BR,2,2º turno: Flávio Bolsonaro vs Eduardo Leite,validos,1,2026-01-19,Flávio Bolsonaro,PL,64.6,64.57,1,
presidente,BR,2,2º turno: Flávio Bolsonaro vs Eduardo Leite,validos,1,2026-01-19,Eduardo Leite,PSD,35.4,35.43,1,
presidente,BR,2,2º turno: Tarcísio vs Eduardo Bolsonaro,validos,1,2025-09-15,Tarcísio,Republicanos,60.9,60.89,1,
presidente,BR,2,2º turno: Tarcísio vs Eduardo Bolsonaro,validos,1,2025-09-15,Eduardo Bolsonaro,PL,39.1,39.11,1,
presidente,BR,2,2º turno: Tarcísio vs Michelle Bolsonaro,validos,1,2025-09-15,Tarcísio,Republicanos,55.5,55.47,1,
presidente,BR,2,2º turno: Tarcísio vs Michelle Bolsonaro,validos,1,2025-09-15,Michelle Bolsonaro,PL,44.5,44.53,1,
presidente,BR,2,2º turno: Ciro Gomes vs Fernando Haddad,validos,1,2025-05-16,Ciro Gomes,PSDB,62.6,62.64,1,
presidente,BR,2,2º turno: Ciro Gomes vs Fernando Haddad,validos,1,2025-05-16,Fernando Haddad,PT,37.4,37.36,1,
presidente,BR,2,2º turno: Ciro Gomes vs Tarcísio,validos,1,2025-05-16,Ciro Gomes,PSDB,54.7,54.69,1,
presidente,BR,2,2º turno: Ciro Gomes vs Tarcísio,validos,1,2025-05-16,Tarcísio,Republicanos,45.3,45.31,1,
presidente,BR,2,2º turno: Jair Bolsonaro vs Geraldo Alckmin,validos,1,2025-03-22,Jair Bolsonaro,PL,57.9,57.95,1,
presidente,BR,2,2º turno: Jair Bolsonaro vs Geraldo Alckmin,validos,1,2025-03-22,Geraldo Alckmin,PSB,42.1,42.05,1,
presidente,BR,2,2º turno: Fernando Haddad vs Pablo Marçal,validos,1,2024-12-09,Fernando Haddad,PT,60,60,1,
presidente,BR,2,2º turno: Fernando Haddad vs Pablo Marçal,validos,1,2024-12-09,Pablo Marçal,PRTB,40,40,1,
presidente,BR,2,2º turno: Lula vs Ciro Nogueira,validos,1,2024-03-22,Lula,PT,60.7,60.68,1,
presidente,BR,2,2º turno: Lula vs Ciro Nogueira,validos,1,2024-03-22,Ciro Nogueira,PP,39.3,39.32,1,
governador,SP,1,1º turno,validos,10,2026-10-03,Tarcísio,Republicanos,59.3,60.27,9,
governador,SP,1,1º turno,validos,10,2026-10-03,Geraldo Alckmin,PSB,37.8,37.8,1,
governador,SP,1,1º turno,validos,10,2026-10-03,Fernando Haddad,PT,37.2,35.62,9,
governador,SP,1,1º turno,validos,10,2026-10-03,Ricardo Nunes,MDB,36.6,36.59,1,
governador,SP,1,1º turno,validos,10,2026-10-03,Erika Hilton,PSOL,12.2,12.2,1,
governador,SP,1,1º turno,validos,10,2026-10-03,Felipe d'Avila,Novo,8.5,8.54,1,
governador,SP,1,1º turno,validos,10,2026-10-03,Paulo Serra,PSDB,4.9,4.88,1,
governador,SP,1,1º turno,validos,10,2026-10-03,Vera Lúcia,PSTU,1.1,1.37,9,
governador,SP,1,1º turno,validos,10,2026-10-03,Carlos Machado,PCB,0.8,1.37,9,
governador,SP,1,1º turno,validos,10,2026-10-03,Vivian Mendes,UP,0.7,1.37,9,
governador,SP,1,1º turno,validos,10,2026-10-03,Izadora Dias,PCO,0.6,0,9,
governador,SP,1,1º turno,validos,10,2026-10-03,Policial Edjane,Agir,0,0,1,
governador,SP,2,2º turno: Tarcísio vs Fernando Haddad,validos,10,2026-10-03,Tarcísio,Republicanos,59.5,62.37,10,
governador,SP,2,2º turno: Tarcísio vs Fernando Haddad,validos,10,2026-10-03,Fernando Haddad,PT,40.5,37.63,10,
governador,SP,2,2º turno: Tarcísio vs Geraldo Alckmin,validos,3,2026-02-10,Tarcísio,Republicanos,59.7,61.47,3,
governador,SP,2,2º turno: Tarcísio vs Geraldo Alckmin,validos,3,2026-02-10,Geraldo Alckmin,PSB,40.3,38.53,3,
governador,SP,2,2º turno: Ricardo Nunes vs Geraldo Alckmin,validos,3,2026-02-10,Ricardo Nunes,MDB,51.2,52.55,3,
governador,SP,2,2º turno: Ricardo Nunes vs Geraldo Alckmin,validos,3,2026-02-10,Geraldo Alckmin,PSB,48.8,47.45,3,
governador,SP,2,2º turno: Tarcísio vs Márcio França,validos,3,2026-02-09,Tarcísio,Republicanos,71.2,70.24,3,
governador,SP,2,2º turno: Tarcísio vs Márcio França,validos,3,2026-02-09,Márcio França,PSB,28.8,29.76,3,
governador,SP,2,2º turno: Geraldo Alckmin vs Kassab,validos,3,2026-01-23,Geraldo Alckmin,PSB,74.1,75.12,3,
governador,SP,2,2º turno: Geraldo Alckmin vs Kassab,validos,3,2026-01-23,Kassab,PSD,25.9,24.88,3,
governador,SP,2,2º turno: Márcio França vs Kassab,validos,3,2025-12-08,Márcio França,PSB,63.4,63.58,3,
governador,SP,2,2º turno: Márcio França vs Kassab,validos,3,2025-12-08,Kassab,PSD,36.6,36.42,3,
governador,SP,2,2º turno: Geraldo Alckmin vs Felicio Ramuth,validos,2,2026-02-10,Geraldo Alckmin,PSB,71.5,69.84,2,
governador,SP,2,2º turno: Geraldo Alckmin vs Felicio Ramuth,validos,2,2026-02-10,Felicio Ramuth,PSD,28.5,30.16,2,
governador,SP,2,2º turno: Ricardo Nunes vs Márcio França,validos,2,2025-10-12,Ricardo Nunes,MDB,61.9,60.2,2,
governador,SP,2,2º turno: Ricardo Nunes vs Márcio França,validos,2,2025-10-12,Márcio França,PSB,38.1,39.8,2,
governador,SP,2,2º turno: Fernando Haddad vs Felicio Ramuth,validos,1,2026-02-10,Fernando Haddad,PT,61.2,61.16,1,
governador,SP,2,2º turno: Fernando Haddad vs Felicio Ramuth,validos,1,2026-02-10,Felicio Ramuth,PSD,38.8,38.84,1,
governador,SP,2,2º turno: Ricardo Nunes vs Fernando Haddad,validos,1,2026-02-10,Ricardo Nunes,MDB,57.9,57.86,1,
governador,SP,2,2º turno: Ricardo Nunes vs Fernando Haddad,validos,1,2026-02-10,Fernando Haddad,PT,42.1,42.14,1,
governador,SP,2,2º turno: Simone Tebet vs Felicio Ramuth,validos,1,2026-01-23,Simone Tebet,MDB,64.2,64.21,1,
governador,SP,2,2º turno: Simone Tebet vs Felicio Ramuth,validos,1,2026-01-23,Felicio Ramuth,PSD,35.8,35.79,1,
governador,SP,2,2º turno: Simone Tebet vs Kassab,validos,1,2026-01-23,Simone Tebet,MDB,65.8,65.81,1,
governador,SP,2,2º turno: Simone Tebet vs Kassab,validos,1,2026-01-23,Kassab,PSD,34.2,34.19,1,
governador,SP,2,2º turno: Tarcísio vs Flávio Bolsonaro,validos,1,2026-01-23,Tarcísio,Republicanos,55.1,55.12,1,
governador,SP,2,2º turno: Tarcísio vs Flávio Bolsonaro,validos,1,2026-01-23,Flávio Bolsonaro,PL,44.9,44.88,1,
governador,SP,2,2º turno: Tarcísio vs Simone Tebet,validos,1,2026-01-23,Tarcísio,Republicanos,69.3,69.32,1,
governador,SP,2,2º turno: Tarcísio vs Simone Tebet,validos,1,2026-01-23,Simone Tebet,MDB,30.7,30.68,1,
governador,SP,2,2º turno: Márcio França vs André do Prado,validos,1,2025-12-08,Márcio França,PSB,77.8,77.8,1,
governador,SP,2,2º turno: Márcio França vs André do Prado,validos,1,2025-12-08,André do Prado,PL,22.2,22.2,1,
governador,SP,2,2º turno: Márcio França vs Guilherme Derrite,validos,1,2025-07-08,Márcio França,PSB,61.5,61.54,1,
governador,SP,2,2º turno: Márcio França vs Guilherme Derrite,validos,1,2025-07-08,Guilherme Derrite,PL,38.5,38.46,1,
senador,SP,1,1º turno,bruto,10,2026-10-01,Guilherme Derrite,PP,33.8,40.8,10,
senador,SP,1,1º turno,bruto,10,2026-10-01,Marina Silva,Rede,31,36.2,10,
senador,SP,1,1º turno,bruto,10,2026-10-01,Simone Tebet,PSD,29.4,35.5,10,
senador,SP,1,1º turno,bruto,10,2026-10-01,André do Prado,PL,28.2,32.8,10,
senador,SP,1,1º turno,bruto,10,2026-10-01,Salles,Novo,8.3,3.1,9,
senador,SP,1,1º turno,bruto,10,2026-10-01,Geraldo Rufino,Podemos,2.8,2.4,9,
senador,SP,1,1º turno,bruto,10,2026-10-01,Soninha Francine,Cidadania,2.8,2.1,9,
senador,SP,1,1º turno,bruto,10,2026-10-01,Dr.ª,PSTU,2,1,7,
senador,SP,1,1º turno,bruto,10,2026-10-01,Dra Eliana Ferreira,PSTU,1.9,2.3,2,
senador,SP,1,1º turno,bruto,10,2026-10-01,Maíra de Souza,UP,1.5,1.4,9,
senador,SP,1,1º turno,bruto,10,2026-10-01,Guto Schiavetto,Missão,1.3,1.8,9,
senador,SP,1,1º turno,bruto,10,2026-10-01,Márcio Alves,UP,1,0.6,9,
senador,SP,1,1º turno,bruto,10,2026-10-01,William Teixeira,Agir,0.7,0.8,9,
senador,SP,1,1º turno,bruto,10,2026-10-01,Ednelson Cesaretti,PCO,0.5,0.2,9,
senador,SP,1,1º turno,bruto,10,2026-10-01,Petter Maahs,PCB,0.4,0.3,9,
senador,SP,1,1º turno,bruto,10,2026-10-01,Weller Gonçalves,PSTU,0.4,0.3,9,
governador,PR,1,1º turno,validos,10,2026-10-02,Sergio Moro,PL,45.6,44.81,10,
governador,PR,1,1º turno,validos,10,2026-10-02,Sandro Alex,PSD,26.7,20.24,10,
governador,PR,1,1º turno,validos,10,2026-10-02,Requião Filho,PDT,25.9,31.72,10,
governador,PR,1,1º turno,validos,10,2026-10-02,Luiz França,Missão,1.1,3.22,10,
governador,PR,1,1º turno,validos,10,2026-10-02,Tayná Miessa,UP,0.3,0,9,
governador,PR,1,1º turno,validos,10,2026-10-02,Doutor Alexandre Salomão,Mobiliza,0.3,0,9,
governador,PR,1,1º turno,validos,10,2026-10-02,Samuel de Mattos,PSTU,0.1,0,9,
governador,PR,1,1º turno,validos,10,2026-10-02,Adriano Funileiro,PCO,0.1,0,9,
governador,PR,2,2º turno: Sergio Moro vs Requião Filho,validos,10,2026-10-03,Sergio Moro,PL,62.4,59.04,10,
governador,PR,2,2º turno: Sergio Moro vs Requião Filho,validos,10,2026-10-03,Requião Filho,PDT,37.6,40.96,10,
governador,PR,2,2º turno: Sergio Moro vs Sandro Alex,validos,10,2026-10-01,Sergio Moro,PL,53.5,52.0,10,
governador,PR,2,2º turno: Sergio Moro vs Sandro Alex,validos,10,2026-10-01,Sandro Alex,PSD,46.5,48.0,10,
governador,PR,2,2º turno: Sandro Alex vs Requião Filho,validos,6,2026-09-16,Sandro Alex,PSD,55.7,61.61,6,
governador,PR,2,2º turno: Sandro Alex vs Requião Filho,validos,6,2026-09-16,Requião Filho,PDT,44.3,38.39,6,
governador,PR,2,2º turno: Sergio Moro vs Rafael Greca,validos,3,2026-07-25,Sergio Moro,PL,61.8,65.28,3,
governador,PR,2,2º turno: Sergio Moro vs Rafael Greca,validos,3,2026-07-25,Rafael Greca,MDB,38.2,34.72,3,
governador,PR,2,2º turno: Sergio Moro vs Guto Silva,validos,3,2026-01-27,Sergio Moro,União Brasil,70.8,79.53,3,
governador,PR,2,2º turno: Sergio Moro vs Guto Silva,validos,3,2026-01-27,Guto Silva,PSD,29.2,20.47,3,
governador,PR,2,2º turno: Rafael Greca vs Requião Filho,validos,2,2026-07-25,Requião Filho,PDT,51.9,49.23,2,
governador,PR,2,2º turno: Rafael Greca vs Requião Filho,validos,2,2026-07-25,Rafael Greca,MDB,48.1,50.77,2,
governador,PR,2,2º turno: Sergio Moro vs Alexandre Curi,validos,2,2026-01-22,Sergio Moro,União Brasil,68.1,66.51,2,
governador,PR,2,2º turno: Sergio Moro vs Alexandre Curi,validos,2,2026-01-22,Alexandre Curi,PSD,31.9,33.49,2,
governador,PR,2,2º turno: Rafael Greca vs Sandro Alex,validos,1,2026-07-25,Rafael Greca,MDB,66.7,66.67,1,
governador,PR,2,2º turno: Rafael Greca vs Sandro Alex,validos,1,2026-07-25,Sandro Alex,PSD,33.3,33.33,1,
governador,PR,2,2º turno: Requião Filho vs Alexandre Curi,validos,1,2026-01-27,Requião Filho,PDT,59.4,59.43,1,
governador,PR,2,2º turno: Requião Filho vs Alexandre Curi,validos,1,2026-01-27,Alexandre Curi,PSD,40.6,40.57,1,
governador,PR,2,2º turno: Requião Filho vs Guto Silva,validos,1,2026-01-27,Requião Filho,PDT,64.1,64.1,1,
governador,PR,2,2º turno: Requião Filho vs Guto Silva,validos,1,2026-01-27,Guto Silva,PSD,35.9,35.9,1,
governador,PR,2,2º turno: Sergio Moro vs Alvaro Dias,validos,1,2026-01-22,Sergio Moro,União Brasil,57.8,57.76,1,
governador,PR,2,2º turno: Sergio Moro vs Alvaro Dias,validos,1,2026-01-22,Alvaro Dias,MDB,42.2,42.24,1,
senador,PR,1,1º turno,bruto,10,2026-09-30,Deltan Dallagnol,Novo,35,26,10,
senador,PR,1,1º turno,bruto,10,2026-09-30,Alexandre Curi,Republicanos,30.5,30,10,
senador,PR,1,1º turno,bruto,10,2026-09-30,Gleisi,PT,27.7,25,10,
senador,PR,1,1º turno,bruto,10,2026-09-30,Filipe Barros,PL,27.5,24,10,
senador,PR,1,1º turno,bruto,10,2026-09-30,Cristina Graeml,PSD,15.9,10,10,
senador,PR,1,1º turno,bruto,10,2026-09-30,Dr Rosinha,PT,15.4,13,10,
senador,PR,1,1º turno,bruto,10,2026-09-30,Karen Guerreiro,Missão,1.8,2,10,
senador,PR,1,1º turno,bruto,10,2026-09-30,Marcelo Marcelino,PCO,1.1,3,10,
senador,PR,1,1º turno,bruto,10,2026-09-30,Joaquim do MLB,UP,1,1,10,
governador,PE,1,1º turno,validos,10,2026-10-03,Raquel Lyra,PSD,49.6,51.65,10,
governador,PE,1,1º turno,validos,10,2026-10-03,João Campos,PSB,47.9,47.25,10,
governador,PE,1,1º turno,validos,10,2026-10-03,Ivan Moraes,PSOL,1.4,1.1,6,
governador,PE,1,1º turno,validos,10,2026-10-03,Renan,Missão,0.7,0,6,
governador,PE,1,1º turno,validos,10,2026-10-03,Guilherme Fonseca,PSTU,0.2,0,6,
governador,PE,1,1º turno,validos,10,2026-10-03,Victor Assis,PCO,0.1,0,6,
governador,PE,1,1º turno,validos,10,2026-10-03,Professora Camila,UP,0.1,0,6,
governador,PE,2,2º turno: Raquel Lyra vs João Campos,validos,10,2026-10-03,Raquel Lyra,PSD,51,51.65,10,
governador,PE,2,2º turno: Raquel Lyra vs João Campos,validos,10,2026-10-03,João Campos,PSB,49,48.35,10,
governador,PE,2,2º turno: João Campos vs Ivan Moraes,validos,1,2026-07-09,João Campos,PSB,83.5,83.51,1,
governador,PE,2,2º turno: João Campos vs Ivan Moraes,validos,1,2026-07-09,Ivan Moraes,PSOL,16.5,16.49,1,
governador,PE,2,2º turno: Raquel Lyra vs Ivan Moraes,validos,1,2026-07-09,Raquel Lyra,PSD,87.8,87.76,1,
governador,PE,2,2º turno: Raquel Lyra vs Ivan Moraes,validos,1,2026-07-09,Ivan Moraes,PSOL,12.2,12.24,1,
senador,PE,1,1º turno,bruto,10,2026-08-31,Marília Arraes,PDT,36.4,28,9,
senador,PE,1,1º turno,bruto,10,2026-08-31,Humberto Costa,PT,29.1,26.4,10,
senador,PE,1,1º turno,bruto,10,2026-08-31,Miguel Coelho,União Brasil,22.8,34.2,6,
senador,PE,1,1º turno,bruto,10,2026-08-31,Gilson Machado,PL,18.7,9,2,
senador,PE,1,1º turno,bruto,10,2026-08-31,Eduardo da Fonte,PP,16.7,16.58,7,
senador,PE,1,1º turno,bruto,10,2026-08-31,Mendonça Filho,PL,16.1,13.5,4,
senador,PE,1,1º turno,bruto,10,2026-08-31,Anderson Ferreira,PL,13,13,4,
senador,PE,1,1º turno,bruto,10,2026-08-31,Silvio Costa Filho,Republicanos,12.8,11,2,
senador,PE,1,1º turno,bruto,10,2026-08-31,Túlio Gadêlha,PSD,10.9,10.67,8,
senador,PE,1,1º turno,bruto,10,2026-08-31,Paulo Rubem Santiago,Rede,5,5.9,2,
senador,PE,1,1º turno,bruto,10,2026-08-31,Jô Cavalcanti,PSOL,5,5,2,
senador,PE,1,1º turno,bruto,10,2026-08-31,Fernando Dueire,PSD,4.5,5,2,
governador,MG,1,1º turno,validos,10,2026-10-03,Cleitinho Azevedo,Republicanos,47.4,53.57,10,
governador,MG,1,1º turno,validos,10,2026-10-03,Patrus Ananias,PT,24.4,24.44,8,
governador,MG,1,1º turno,validos,10,2026-10-03,Patrus Anannias,PT,22,22.62,2,
governador,MG,1,1º turno,validos,10,2026-10-03,Alexandre Kalil,PDT,9.4,9.52,10,
governador,MG,1,1º turno,validos,10,2026-10-03,Flávio Roscoe,PL,6.6,7.14,9,
governador,MG,1,1º turno,validos,10,2026-10-03,Mateus Simões,PSD,6.5,3.57,9,
governador,MG,1,1º turno,validos,10,2026-10-03,Gabriel,MDB,2.7,2.38,9,
governador,MG,1,1º turno,validos,10,2026-10-03,Ben Mendes,Missão,1.6,1.19,9,
governador,MG,1,1º turno,validos,10,2026-10-03,Prof. Túlio Lopes,PCB,0.7,0,4,
governador,MG,1,1º turno,validos,10,2026-10-03,Rafael Duda,PSTU,0.4,0,4,
governador,MG,1,1º turno,validos,10,2026-10-03,Henrique Áreas,PCO,0.3,0,4,
governador,MG,1,1º turno,validos,10,2026-10-03,Indira Xavier,UP,0.3,0,5,
governador,MG,2,2º turno: Cleitinho Azevedo vs Alexandre Kalil,validos,10,2026-10-02,Cleitinho Azevedo,Republicanos,63.7,59.3,10,
governador,MG,2,2º turno: Cleitinho Azevedo vs Alexandre Kalil,validos,10,2026-10-02,Alexandre Kalil,PDT,36.3,40.7,10,
governador,MG,2,2º turno: Cleitinho Azevedo vs Patrus Ananias,validos,9,2026-10-03,Cleitinho Azevedo,Republicanos,57,70.59,9,
governador,MG,2,2º turno: Cleitinho Azevedo vs Patrus Ananias,validos,9,2026-10-03,Patrus Ananias,PT,34.1,29.41,9,
governador,MG,2,2º turno: Cleitinho Azevedo vs Mateus Simões,validos,4,2026-10-02,Cleitinho Azevedo,Republicanos,59.3,50,4,
governador,MG,2,2º turno: Cleitinho Azevedo vs Mateus Simões,validos,4,2026-10-02,Mateus Simões,PSD,29.2,36,4,
governador,MG,2,2º turno: Mateus Simões vs Patrus Ananias,validos,5,2026-10-02,Patrus Ananias,PT,49.2,40,5,
governador,MG,2,2º turno: Mateus Simões vs Patrus Ananias,validos,5,2026-10-02,Mateus Simões,PSD,47.4,43,5,
governador,MG,2,2º turno: Mateus Simões vs Alexandre Kalil,validos,4,2026-10-02,Mateus Simões,PSD,49,42,4,
governador,MG,2,2º turno: Mateus Simões vs Alexandre Kalil,validos,4,2026-10-02,Alexandre Kalil,PDT,45,34,4,
governador,MG,2,2º turno: Alexandre Kalil vs Patrus Ananias,validos,3,2026-10-02,Alexandre Kalil,PDT,54.2,42,3,
governador,MG,2,2º turno: Alexandre Kalil vs Patrus Ananias,validos,3,2026-10-02,Patrus Ananias,PT,39.8,40,3,
governador,MG,2,2º turno: Cleitinho Azevedo vs Rodrigo Pacheco,validos,4,2026-04-26,Cleitinho Azevedo,Republicanos,60.3,65.15,4,
governador,MG,2,2º turno: Cleitinho Azevedo vs Rodrigo Pacheco,validos,4,2026-04-26,Rodrigo Pacheco,PSB,39.7,34.85,4,
governador,MG,2,2º turno: Cleitinho Azevedo vs Patrus Anannias,validos,1,2026-10-03,Cleitinho Azevedo,Republicanos,70.7,70.67,1,
governador,MG,2,2º turno: Cleitinho Azevedo vs Patrus Anannias,validos,1,2026-10-03,Patrus Anannias,PT,29.3,29.33,1,
governador,MG,2,2º turno: Cleitinho Azevedo vs Gabriel,validos,1,2026-09-20,Cleitinho Azevedo,Republicanos,68.8,68.81,1,
governador,MG,2,2º turno: Cleitinho Azevedo vs Gabriel,validos,1,2026-09-20,Gabriel,MDB,31.2,31.19,1,
governador,MG,2,2º turno: Patrus Ananias vs Flávio Roscoe,validos,1,2026-09-20,Patrus Ananias,PT,55.7,55.74,1,
governador,MG,2,2º turno: Patrus Ananias vs Flávio Roscoe,validos,1,2026-09-20,Flávio Roscoe,PL,44.3,44.26,1,
governador,MG,2,2º turno: Alexandre Kalil vs Patrus Anannias,validos,1,2026-08-24,Alexandre Kalil,PDT,70,70,1,
governador,MG,2,2º turno: Alexandre Kalil vs Patrus Anannias,validos,1,2026-08-24,Patrus Anannias,PT,30,30,1,
governador,MG,2,2º turno: Marcelo Aro vs Alexandre Kalil,validos,1,2026-07-29,Marcelo Aro,PP,50,50,1,
governador,MG,2,2º turno: Marcelo Aro vs Alexandre Kalil,validos,1,2026-07-29,Alexandre Kalil,PDT,50,50,1,
governador,MG,2,2º turno: Marcelo Aro vs Patrus Ananias,validos,1,2026-07-29,Marcelo Aro,PP,50.7,50.7,1,
governador,MG,2,2º turno: Marcelo Aro vs Patrus Ananias,validos,1,2026-07-29,Patrus Ananias,PT,49.3,49.3,1,
governador,MG,2,2º turno: Cleitinho Azevedo vs Alexandre Silveira,validos,1,2025-08-25,Cleitinho Azevedo,Republicanos,66.2,66.23,1,
governador,MG,2,2º turno: Cleitinho Azevedo vs Alexandre Silveira,validos,1,2025-08-25,Alexandre Silveira,PSD,33.8,33.77,1,
governador,MG,2,2º turno: Nikolas Ferreira vs Rodrigo Pacheco,validos,1,2025-08-25,Nikolas Ferreira,PL,50.5,50.52,1,
governador,MG,2,2º turno: Nikolas Ferreira vs Rodrigo Pacheco,validos,1,2025-08-25,Rodrigo Pacheco,PSD,49.5,49.48,1,
governador,MG,2,2º turno: Rodrigo Pacheco vs Mateus Simões,validos,1,2025-08-25,Rodrigo Pacheco,PSD,63,63.01,1,
governador,MG,2,2º turno: Rodrigo Pacheco vs Mateus Simões,validos,1,2025-08-25,Mateus Simões,Novo,37,36.99,1,
senador,MG,1,1º turno,bruto,5,2026-09-24,Carlos Viana,PSD,29.9,32.3,5,
senador,MG,1,1º turno,bruto,5,2026-09-24,Marília Campos,PT,27.1,34.9,4,
senador,MG,1,1º turno,bruto,5,2026-09-24,Aécio Neves,PSDB,22.6,15.9,5,
senador,MG,1,1º turno,bruto,5,2026-09-24,Domingos Sávio,PL,18.1,31,4,
senador,MG,1,1º turno,bruto,5,2026-09-24,Marcelo Aro,PP,17.7,31.4,5,
senador,MG,1,1º turno,bruto,5,2026-09-24,Maurício do Volei,PL,16.8,16.8,1,
senador,MG,1,1º turno,bruto,5,2026-09-24,Alexandre Silveira,PSD,13.5,16.6,2,
senador,MG,1,1º turno,bruto,5,2026-09-24,Duda Salabert,PDT,13.3,13.3,1,
senador,MG,1,1º turno,bruto,5,2026-09-24,Rogério Correia,PT,13.2,13.2,1,
senador,MG,1,1º turno,bruto,5,2026-09-24,Eros Biondini,PL,13,13,1,
senador,MG,1,1º turno,bruto,5,2026-09-24,Áurea Carolina,PSOL,11,22.2,4,
senador,MG,1,1º turno,bruto,5,2026-09-24,Marco Antônio Superman,Novo,6.6,6.6,1,
senador,MG,1,1º turno,bruto,5,2026-09-24,Euclydes Pettersen,Republicanos,5,5,1,
governador,GO,1,1º turno,validos,10,2026-10-03,Daniel Vilela,MDB,47.7,55.95,10,
governador,GO,1,1º turno,validos,10,2026-10-03,Wilder Morais,PL,21.5,20.24,10,
governador,GO,1,1º turno,validos,10,2026-10-03,Marconi Perillo,PSDB,20.7,17.86,10,
governador,GO,1,1º turno,validos,10,2026-10-03,Luis Cesar Bueno,PT,8.4,5.95,10,
governador,GO,1,1º turno,validos,10,2026-10-03,Luciana Amorim,UP,0.3,0,3,
governador,GO,1,1º turno,validos,10,2026-10-03,Danilo da Silva,PCO,0.3,0,3,
governador,GO,2,2º turno: Daniel Vilela vs Marconi Perillo,validos,7,2026-10-03,Daniel Vilela,MDB,69.3,74.39,7,
governador,GO,2,2º turno: Daniel Vilela vs Marconi Perillo,validos,7,2026-10-03,Marconi Perillo,PSDB,30.7,25.61,7,
governador,GO,2,2º turno: Daniel Vilela vs Wilder Morais,validos,7,2026-10-03,Daniel Vilela,MDB,68.5,78.48,7,
governador,GO,2,2º turno: Daniel Vilela vs Wilder Morais,validos,7,2026-10-03,Wilder Morais,PL,31.5,21.52,7,
governador,GO,2,2º turno: Wilder Morais vs Marconi Perillo,validos,3,2026-09-21,Wilder Morais,PL,53.7,53.85,3,
governador,GO,2,2º turno: Wilder Morais vs Marconi Perillo,validos,3,2026-09-21,Marconi Perillo,PSDB,46.3,46.15,3,
governador,GO,2,2º turno: Daniel Vilela vs Adriana Accorsi,validos,3,2026-05-12,Daniel Vilela,MDB,73,69.62,3,
governador,GO,2,2º turno: Daniel Vilela vs Adriana Accorsi,validos,3,2026-05-12,Adriana Accorsi,PT,27,30.38,3,
governador,GO,2,2º turno: Daniel Vilela vs Luis Cesar Bueno,validos,1,2026-09-01,Daniel Vilela,MDB,78.8,78.8,1,
governador,GO,2,2º turno: Daniel Vilela vs Luis Cesar Bueno,validos,1,2026-09-01,Luis Cesar Bueno,PT,21.2,21.2,1,
governador,GO,2,2º turno: Marconi Perillo vs Adriana Accorsi,validos,1,2026-05-12,Marconi Perillo,PSDB,58.5,58.46,1,
governador,GO,2,2º turno: Marconi Perillo vs Adriana Accorsi,validos,1,2026-05-12,Adriana Accorsi,PT,41.5,41.54,1,
governador,GO,2,2º turno: Wilder Morais vs Adriana Accorsi,validos,1,2026-05-12,Wilder Morais,PL,56.5,56.45,1,
governador,GO,2,2º turno: Wilder Morais vs Adriana Accorsi,validos,1,2026-05-12,Adriana Accorsi,PT,43.5,43.55,1,
senador,GO,1,1º turno,bruto,10,2026-09-24,Gracinha Caiado,União Brasil,37.4,38.6,10,
senador,GO,1,1º turno,bruto,10,2026-09-24,Gustavo Gayer,PL,32.3,41.8,10,
senador,GO,1,1º turno,bruto,10,2026-09-24,Dr. Zacharias Calil,MDB,22,30.9,10,
senador,GO,1,1º turno,bruto,10,2026-09-24,Gustavo Mendanha,PRD,14.7,14.1,10,
senador,GO,1,1º turno,bruto,10,2026-09-24,Vanderlan Cardoso,PSD,13.2,10,10,
senador,GO,1,1º turno,bruto,10,2026-09-24,Cíntia Dias,PSOL,8.7,16.4,9,
senador,GO,1,1º turno,bruto,10,2026-09-24,Isaura Lemos,PSB,6.5,11,9,
senador,GO,1,1º turno,bruto,10,2026-09-24,Oséias Varão,PL,6.3,12,9,
governador,RN,1,1º turno,validos,10,2026-10-03,Allyson,União Brasil,43.8,36.9,10,
governador,RN,1,1º turno,validos,10,2026-10-03,Cadu de Lula,PT,28.6,32.14,10,
governador,RN,1,1º turno,validos,10,2026-10-03,Álvaro Dias,PL,26,28.57,10,
governador,RN,1,1º turno,validos,10,2026-10-03,Arinalda do MLB,UP,1.1,0,2,
governador,RN,1,1º turno,validos,10,2026-10-03,Rodrigo de Bolsonaro,Agir,0.7,1.19,2,
governador,RN,1,1º turno,validos,10,2026-10-03,Professor Roberio Paulino,PSOL,0.7,1.19,2,
governador,RN,1,1º turno,validos,10,2026-10-03,Godeiro Linharess,DC,0.1,0,2,
governador,RN,1,1º turno,validos,10,2026-10-03,Henrique Lyra,PCO,0,0,2,
governador,RN,1,1º turno,validos,10,2026-10-03,Dário Barbosa,PSTU,0,0,1,
governador,RN,2,2º turno: Allyson vs Cadu de Lula,validos,10,2026-10-03,Allyson,União Brasil,60.9,56.41,10,
governador,RN,2,2º turno: Allyson vs Cadu de Lula,validos,10,2026-10-03,Cadu de Lula,PT,39.1,43.59,10,
governador,RN,2,2º turno: Cadu de Lula vs Álvaro Dias,validos,10,2026-09-28,Álvaro Dias,PL,50.8,40.69,10,
governador,RN,2,2º turno: Cadu de Lula vs Álvaro Dias,validos,10,2026-09-28,Cadu de Lula,PT,49.2,59.31,10,
governador,RN,2,2º turno: Allyson vs Álvaro Dias,validos,10,2026-09-28,Allyson,União Brasil,59.8,57.61,10,
governador,RN,2,2º turno: Allyson vs Álvaro Dias,validos,10,2026-09-28,Álvaro Dias,PL,40.2,42.39,10,
senador,RN,1,1º turno,bruto,10,2026-09-30,Styvenson Valentim,Podemos,43.5,47.2,10,
senador,RN,1,1º turno,bruto,10,2026-09-30,Zenaide Maia,PSD,34.1,35.47,10,
senador,RN,1,1º turno,bruto,10,2026-09-30,Rafael Motta,PDT,17.3,19.3,10,
senador,RN,1,1º turno,bruto,10,2026-09-30,Samanda de Lula,PT,17.1,19.99,10,
senador,RN,1,1º turno,bruto,10,2026-09-30,Coronel Hélio,PL,16.9,17.29,10,
senador,RN,1,1º turno,bruto,10,2026-09-30,Sandro Pimentel,PSOL,6.6,6.6,1,
governador,RJ,1,1º turno,validos,10,2026-10-03,Eduardo Paes,PSD,46.7,48.61,10,
governador,RJ,1,1º turno,validos,10,2026-10-03,Douglas Ruas,PL,36.8,38.89,10,
governador,RJ,1,1º turno,validos,10,2026-10-03,Garotinho,Republicanos,8.3,5.56,10,
governador,RJ,1,1º turno,validos,10,2026-10-03,William Siri,PSOL,2.6,2.78,10,
governador,RJ,1,1º turno,validos,10,2026-10-03,Coronel Busnello,Missão,1.8,1.39,10,
governador,RJ,1,1º turno,validos,10,2026-10-03,André Marinho,Novo,1.7,1.39,9,
governador,RJ,1,1º turno,validos,10,2026-10-03,Juliete,UP,1.1,1.39,9,
governador,RJ,1,1º turno,validos,10,2026-10-03,Cyro Garcia,PSTU,1.1,0,9,
governador,RJ,1,1º turno,validos,10,2026-10-03,Luan Monteiro,PCO,0.4,0,9,
governador,RJ,2,2º turno: Eduardo Paes vs Douglas Ruas,validos,10,2026-10-03,Eduardo Paes,PSD,59.4,57.69,10,
governador,RJ,2,2º turno: Eduardo Paes vs Douglas Ruas,validos,10,2026-10-03,Douglas Ruas,PL,40.6,42.31,10,
governador,RJ,2,2º turno: Eduardo Paes vs Garotinho,validos,6,2026-10-03,Eduardo Paes,PSD,70.8,75.38,6,
governador,RJ,2,2º turno: Eduardo Paes vs Garotinho,validos,6,2026-10-03,Garotinho,Republicanos,29.2,24.62,6,
senador,RJ,1,1º turno,bruto,7,2026-09-22,Cláudio Castro,PL,35.6,32.6,3,
senador,RJ,1,1º turno,bruto,7,2026-09-22,Benedita da Silva,PT,29.3,27.2,7,
senador,RJ,1,1º turno,bruto,7,2026-09-22,Lindbergh Farias,PT,22.9,22.9,1,
senador,RJ,1,1º turno,bruto,7,2026-09-22,Carlos Jordy,PL,19.7,13.5,3,
senador,RJ,1,1º turno,bruto,7,2026-09-22,Rogéria Bolsonaro,PL,17.1,17.1,1,
senador,RJ,1,1º turno,bruto,7,2026-09-22,Marcelo Crivella,Republicanos,16.9,12.8,7,
senador,RJ,1,1º turno,bruto,7,2026-09-22,Carlos Portinho,PL,13,11.9,5,
senador,RJ,1,1º turno,bruto,7,2026-09-22,Márcio Canella,União Brasil,12,14.2,4,
senador,RJ,1,1º turno,bruto,7,2026-09-22,Alessandro Molon,PSB,12,14,2,
senador,RJ,1,1º turno,bruto,7,2026-09-22,Pedro Paulo,PSD,10.2,13,7,
senador,RJ,1,1º turno,bruto,7,2026-09-22,Rodrigo Pimentel,Sem partido,10.1,8.2,2,
senador,RJ,1,1º turno,bruto,7,2026-09-22,Clarissa Garotinho,Republicanos,10,10,1,
senador,RJ,1,1º turno,bruto,7,2026-09-22,Washington Reis,MDB,10,10,1,
senador,RJ,1,1º turno,bruto,7,2026-09-22,Monica Benicio,PSOL,7.4,6.6,5,
senador,RJ,1,1º turno,bruto,7,2026-09-22,Waguinho,Republicanos,5.6,5.4,4,
senador,RJ,1,1º turno,bruto,7,2026-09-22,Marcos Dias,Podemos,5.1,5.1,1,
senador,RJ,1,1º turno,bruto,7,2026-09-22,Hélio Secco,Missão,2.5,1.6,4,
governador,PA,1,1º turno,validos,10,2026-10-03,Dr. Daniel,Podemos,50.6,56.41,10,
governador,PA,1,1º turno,validos,10,2026-10-03,Hana Ghassan,MDB,45.7,39.74,10,
governador,PA,1,1º turno,validos,10,2026-10-03,Araceli,PSOL,2.7,2.56,10,
governador,PA,1,1º turno,validos,10,2026-10-03,Well Macêdo,PSTU,0.5,0,9,
governador,PA,1,1º turno,validos,10,2026-10-03,Ruth Reis,Democrata,0.3,1.28,8,
governador,PA,1,1º turno,validos,10,2026-10-03,Gal Leite,UP,0.3,0,8,
governador,PA,2,2º turno: Dr. Daniel vs Hana Ghassan,validos,10,2026-10-03,Dr. Daniel,Podemos,51.1,56.47,10,
governador,PA,2,2º turno: Dr. Daniel vs Hana Ghassan,validos,10,2026-10-03,Hana Ghassan,MDB,48.9,43.53,10,
governador,PA,2,2º turno: Hana Ghassan vs Mário Couto,validos,2,2026-03-21,Hana Ghassan,MDB,64.1,63.33,2,
governador,PA,2,2º turno: Hana Ghassan vs Mário Couto,validos,2,2026-03-21,Mário Couto,DC,35.9,36.67,2,
governador,PA,2,2º turno: Dr. Daniel vs Mário Couto,validos,1,2026-03-21,Dr. Daniel,Podemos,62.9,62.9,1,
governador,PA,2,2º turno: Dr. Daniel vs Mário Couto,validos,1,2026-03-21,Mário Couto,DC,37.1,37.1,1,
governador,PA,2,2º turno: Hana Ghassan vs Joaquim Passarinho,validos,1,2025-08-28,Hana Ghassan,MDB,71,71.03,1,
governador,PA,2,2º turno: Hana Ghassan vs Joaquim Passarinho,validos,1,2025-08-28,Joaquim Passarinho,PL,29,28.97,1,
senador,PA,1,1º turno,bruto,10,2026-09-28,Helder,MDB,47.9,48.5,10,
senador,PA,1,1º turno,bruto,10,2026-09-28,Delegado Éder Mauro,PL,34.7,39.1,9,
senador,PA,1,1º turno,bruto,10,2026-09-28,Zequinha Marinho,Podemos,24.2,27.3,10,
senador,PA,1,1º turno,bruto,10,2026-09-28,Joaquim Passarinho,PL,22.5,22.5,1,
senador,PA,1,1º turno,bruto,10,2026-09-28,Celso Sabino,PDT,19.1,12.3,10,
senador,PA,1,1º turno,bruto,10,2026-09-28,Chicão,União Brasil,18.6,35.2,10,
senador,PA,1,1º turno,bruto,10,2026-09-28,Paulo Rocha,PT,17.5,7.8,1,
senador,PA,1,1º turno,bruto,10,2026-09-28,Simão Jatene,Sem partido,15.1,15.1,1,
senador,PA,1,1º turno,bruto,10,2026-09-28,Fernando Carneiro,PSOL,6.2,6.2,1,
senador,PA,1,1º turno,bruto,10,2026-09-28,Gizelle Freitas,PSOL,3.7,2.2,4,
senador,PA,1,1º turno,bruto,10,2026-09-28,Coronel Jonildo,DC,3.4,2.9,2,
senador,PA,1,1º turno,bruto,10,2026-09-28,Breno Guimarães,Mobiliza,2,0.3,3,
senador,PA,1,1º turno,bruto,10,2026-09-28,Lívia Noronha,Solidariedade,1.4,1.6,3,
senador,PA,1,1º turno,bruto,10,2026-09-28,Conti,PSOL,1.2,0.5,3,
senador,PA,1,1º turno,bruto,10,2026-09-28,Fernanda Lopes,UP,0.6,0.8,3,
senador,PA,1,1º turno,bruto,10,2026-09-28,Edlaine Rodrigues,Democrata,0.5,0.3,3,
governador,AM,1,1º turno,validos,10,2026-10-03,Omar Aziz,PSD,32.7,40,10,
governador,AM,1,1º turno,validos,10,2026-10-03,Roberto Cidade,União Brasil,24.3,23.53,10,
governador,AM,1,1º turno,validos,10,2026-10-03,Professora Maria do Carmo,PL,22.3,24.71,10,
governador,AM,1,1º turno,validos,10,2026-10-03,David Almeida,Avante,16,11.76,10,
governador,AM,1,1º turno,validos,10,2026-10-03,Cabo Daciolo,Mobiliza,1.1,0,2,
governador,AM,1,1º turno,validos,10,2026-10-03,Gilberto Vasconcelos,PSTU,0,0,1,
governador,AM,1,1º turno,validos,10,2026-10-03,Isael Munduruku,Rede,0,0,1,
governador,AM,2,2º turno: Omar Aziz vs Professora Maria do Carmo,validos,10,2026-10-03,Omar Aziz,PSD,54.4,58.33,10,
governador,AM,2,2º turno: Omar Aziz vs Professora Maria do Carmo,validos,10,2026-10-03,Professora Maria do Carmo,PL,45.6,41.67,10,
governador,AM,2,2º turno: Omar Aziz vs David Almeida,validos,10,2026-10-01,Omar Aziz,PSD,60,56.79,10,
governador,AM,2,2º turno: Omar Aziz vs David Almeida,validos,10,2026-10-01,David Almeida,Avante,40,43.21,10,
governador,AM,2,2º turno: Omar Aziz vs Roberto Cidade,validos,10,2026-10-01,Omar Aziz,PSD,53.2,50,10,
governador,AM,2,2º turno: Omar Aziz vs Roberto Cidade,validos,10,2026-10-01,Roberto Cidade,União Brasil,46.8,50,10,
governador,AM,2,2º turno: Professora Maria do Carmo vs David Almeida,validos,7,2026-10-01,Professora Maria do Carmo,PL,58.2,60.49,7,
governador,AM,2,2º turno: Professora Maria do Carmo vs David Almeida,validos,7,2026-10-01,David Almeida,Avante,41.8,39.51,7,
governador,AM,2,2º turno: Roberto Cidade vs Professora Maria do Carmo,validos,7,2026-10-01,Professora Maria do Carmo,PL,50.6,46.43,7,
governador,AM,2,2º turno: Roberto Cidade vs Professora Maria do Carmo,validos,7,2026-10-01,Roberto Cidade,União Brasil,49.4,53.57,7,
governador,AM,2,2º turno: Roberto Cidade vs David Almeida,validos,4,2026-10-01,Roberto Cidade,União Brasil,59,65.56,4,
governador,AM,2,2º turno: Roberto Cidade vs David Almeida,validos,4,2026-10-01,David Almeida,Avante,41,34.44,4,
governador,AM,2,2º turno: Dr. Furlan vs Clécio Luís,validos,1,2026-10-03,Dr. Furlan,PSD,52.6,52.63,1,
governador,AM,2,2º turno: Dr. Furlan vs Clécio Luís,validos,1,2026-10-03,Clécio Luís,União Brasil,47.4,47.37,1,
governador,AM,2,2º turno: David Almeida vs Tadeu de Souza,validos,1,2026-03-18,David Almeida,Avante,73,73.02,1,
governador,AM,2,2º turno: David Almeida vs Tadeu de Souza,validos,1,2026-03-18,Tadeu de Souza,PP,27,26.98,1,
governador,AM,2,2º turno: Omar Aziz vs Tadeu de Souza,validos,1,2026-03-18,Omar Aziz,PSD,75.8,75.76,1,
governador,AM,2,2º turno: Omar Aziz vs Tadeu de Souza,validos,1,2026-03-18,Tadeu de Souza,PP,24.2,24.24,1,
governador,AM,2,2º turno: Professora Maria do Carmo vs Tadeu de Souza,validos,1,2026-03-18,Professora Maria do Carmo,PL,75,75,1,
governador,AM,2,2º turno: Professora Maria do Carmo vs Tadeu de Souza,validos,1,2026-03-18,Tadeu de Souza,PP,25,25,1,
senador,AM,1,1º turno,bruto,10,2026-09-24,Eduardo Braga,MDB,48.7,57.4,10,
senador,AM,1,1º turno,bruto,10,2026-09-24,Capitão Alberto Neto,PL,41.8,58.6,10,
senador,AM,1,1º turno,bruto,10,2026-09-24,Plínio Valério,PSDB,26.7,36,10,
senador,AM,1,1º turno,bruto,10,2026-09-24,Wilson Lima,União Brasil,25.6,31.6,10,
senador,AM,1,1º turno,bruto,10,2026-09-24,Marcelo Ramos,PT,16.4,15,6,
senador,AM,1,1º turno,bruto,10,2026-09-24,Marcos Rotta,Avante,16,13,5,
governador,CE,1,1º turno,validos,10,2026-10-03,Elmano de Freitas,PT,48.9,50,10,
governador,CE,1,1º turno,validos,10,2026-10-03,Ciro Gomes,PSDB,48.9,48.81,10,
governador,CE,1,1º turno,validos,10,2026-10-03,Delagado Huggo,Missão,1,1.19,4,
governador,CE,1,1º turno,validos,10,2026-10-03,Vera Lúcia,Novo,0.5,0,3,
governador,CE,1,1º turno,validos,10,2026-10-03,Danilo Soares,Democrata,0.1,0,3,
governador,CE,1,1º turno,validos,10,2026-10-03,Zé Batista,PSTU,0.1,0,3,
governador,CE,1,1º turno,validos,10,2026-10-03,Ieri Braga,PCO,0,0,3,
governador,CE,1,1º turno,validos,10,2026-10-03,Serley Leal,UP,0,0,3,
governador,CE,2,2º turno: Ciro Gomes vs Elmano de Freitas,validos,10,2026-10-03,Ciro Gomes,PSDB,50.9,50.52,10,
governador,CE,2,2º turno: Ciro Gomes vs Elmano de Freitas,validos,10,2026-10-03,Elmano de Freitas,PT,49.1,49.48,10,
governador,CE,2,2º turno: Elmano de Freitas vs Roberto Cláudio,validos,4,2026-04-28,Elmano de Freitas,PT,60.7,63.89,4,
governador,CE,2,2º turno: Elmano de Freitas vs Roberto Cláudio,validos,4,2026-04-28,Roberto Cláudio,União Brasil,39.3,36.11,4,
governador,CE,2,2º turno: Camilo Santana vs Ciro Gomes,validos,2,2026-04-28,Camilo Santana,PT,50.7,53.01,2,
governador,CE,2,2º turno: Camilo Santana vs Ciro Gomes,validos,2,2026-04-28,Ciro Gomes,PSDB,49.3,46.99,2,
governador,CE,2,2º turno: Ciro Gomes vs Eduardo Girão,validos,1,2026-05-26,Ciro Gomes,PSDB,86.9,86.89,1,
governador,CE,2,2º turno: Ciro Gomes vs Eduardo Girão,validos,1,2026-05-26,Eduardo Girão,Novo,13.1,13.11,1,
governador,CE,2,2º turno: Elmano de Freitas vs Eduardo Girão,validos,1,2026-05-26,Elmano de Freitas,PT,70.7,70.69,1,
governador,CE,2,2º turno: Elmano de Freitas vs Eduardo Girão,validos,1,2026-05-26,Eduardo Girão,Novo,29.3,29.31,1,
governador,CE,2,2º turno: Camilo Santana vs Roberto Cláudio,validos,1,2026-04-28,Camilo Santana,PT,74.4,74.36,1,
governador,CE,2,2º turno: Camilo Santana vs Roberto Cláudio,validos,1,2026-04-28,Roberto Cláudio,União Brasil,25.6,25.64,1,
governador,CE,2,2º turno: Elmano de Freitas vs Capitão Wagner,validos,1,2026-03-28,Elmano de Freitas,PT,52.8,52.75,1,
governador,CE,2,2º turno: Elmano de Freitas vs Capitão Wagner,validos,1,2026-03-28,Capitão Wagner,União Brasil,47.2,47.25,1,
senador,CE,1,1º turno,bruto,7,2026-09-25,Cid Gomes,PSB,48.5,45.3,5,
senador,CE,1,1º turno,bruto,7,2026-09-25,Capitão Wagner,União Brasil,43.2,45,7,
senador,CE,1,1º turno,bruto,7,2026-09-25,Luizianne,Rede,36.7,36.3,5,
senador,CE,1,1º turno,bruto,7,2026-09-25,Roberto Cláudio,União Brasil,31,28.6,1,
senador,CE,1,1º turno,bruto,7,2026-09-25,Eunício Oliveira,MDB,26.9,30,3,
senador,CE,1,1º turno,bruto,7,2026-09-25,Alcides Fernandes,PL,21,20.5,6,
senador,CE,1,1º turno,bruto,7,2026-09-25,Anna Karina,PSOL,14,14,1,
senador,CE,1,1º turno,bruto,7,2026-09-25,José Guimarães,PT,10.3,11.5,2,
senador,CE,1,1º turno,bruto,7,2026-09-25,Priscila Costa,PL,10,12,2,
senador,CE,1,1º turno,bruto,7,2026-09-25,Júnior Mano,PSB,9.5,12,2,
senador,CE,1,1º turno,bruto,7,2026-09-25,Domingos Filho,PSD,6,6,1,
senador,CE,1,1º turno,bruto,7,2026-09-25,Chiquinho Feitosa,Republicanos,4.6,7.1,2,
senador,CE,1,1º turno,bruto,7,2026-09-25,General Theóphilo,Novo,4.2,1.2,4,
senador,CE,1,1º turno,bruto,7,2026-09-25,Chagas Vieira,Sem partido,3,3,1,
governador,DF,1,1º turno,validos,10,2026-10-03,Celina Leão,PP,49.7,51.9,10,
governador,DF,1,1º turno,validos,10,2026-10-03,Leandro Grass,PT,26,30.38,10,
governador,DF,1,1º turno,validos,10,2026-10-03,Arruda,PSD,16.9,9.58,4,
governador,DF,1,1º turno,validos,10,2026-10-03,Paula Belmonte,PSDB,9,10.13,10,
governador,DF,1,1º turno,validos,10,2026-10-03,Kiko Caputo,Novo,3.2,3.8,10,
governador,DF,1,1º turno,validos,10,2026-10-03,Cappelli,PSB,3.2,2.53,9,
governador,DF,1,1º turno,validos,10,2026-10-03,Professora Samara Mineiro,UP,1.2,1.27,3,
governador,DF,1,1º turno,validos,10,2026-10-03,Professor Robson,PSTU,0.8,0,3,
governador,DF,1,1º turno,validos,10,2026-10-03,Elisson,Agir,0.4,0,3,
governador,DF,1,1º turno,validos,10,2026-10-03,Expedito Mendonça,PCO,0,0,3,
governador,DF,1,1º turno,validos,10,2026-10-03,Rico Pinheiro,PRTB,0,0,3,
governador,DF,2,2º turno: Celina Leão vs Leandro Grass,validos,10,2026-10-03,Celina Leão,PP,61.3,60.24,10,
governador,DF,2,2º turno: Celina Leão vs Leandro Grass,validos,10,2026-10-03,Leandro Grass,PT,38.7,39.76,10,
governador,DF,2,2º turno: Celina Leão vs Arruda,validos,10,2026-09-24,Celina Leão,PP,57.8,57.83,10,
governador,DF,2,2º turno: Celina Leão vs Arruda,validos,10,2026-09-24,Arruda,PSD,42.2,42.17,10,
governador,DF,2,2º turno: Arruda vs Leandro Grass,validos,9,2026-09-24,Arruda,PSD,55.8,54.43,9,
governador,DF,2,2º turno: Arruda vs Leandro Grass,validos,9,2026-09-24,Leandro Grass,PT,44.2,45.57,9,
governador,DF,2,2º turno: Celina Leão vs José Gerardo,validos,1,2026-09-07,Celina Leão,PP,61,61.04,1,
governador,DF,2,2º turno: Celina Leão vs José Gerardo,validos,1,2026-09-07,José Gerardo,PSD,39,38.96,1,
governador,DF,2,2º turno: José Gerardo vs Leandro Grass,validos,1,2026-09-07,José Gerardo,PSD,59.4,59.42,1,
governador,DF,2,2º turno: José Gerardo vs Leandro Grass,validos,1,2026-09-07,Leandro Grass,PT,40.6,40.58,1,
governador,DF,2,2º turno: Arruda vs Izalci Lucas,validos,1,2026-05-10,Arruda,PSD,54,53.97,1,
governador,DF,2,2º turno: Arruda vs Izalci Lucas,validos,1,2026-05-10,Izalci Lucas,PL,46,46.03,1,
governador,DF,2,2º turno: Izalci Lucas vs Celina Leão,validos,1,2026-05-10,Izalci Lucas,PL,52.8,52.81,1,
governador,DF,2,2º turno: Izalci Lucas vs Celina Leão,validos,1,2026-05-10,Celina Leão,PP,47.2,47.19,1,
governador,DF,2,2º turno: Leandro Grass vs Izalci Lucas,validos,1,2026-05-10,Leandro Grass,PT,50.8,50.77,1,
governador,DF,2,2º turno: Leandro Grass vs Izalci Lucas,validos,1,2026-05-10,Izalci Lucas,PL,49.2,49.23,1,
senador,DF,1,1º turno,bruto,9,2026-09-29,Michelle Bolsonaro,PL,39.5,50.2,9,
senador,DF,1,1º turno,bruto,9,2026-09-29,Leila do Vôlei,PDT,32,32.8,9,
senador,DF,1,1º turno,bruto,9,2026-09-29,Bia Kicis,PL,28.5,36.4,9,
senador,DF,1,1º turno,bruto,9,2026-09-29,Erika Kokay,PT,27.3,24.5,9,
senador,DF,1,1º turno,bruto,9,2026-09-29,Ibaneis,MDB,16.4,22.6,2,
senador,DF,1,1º turno,bruto,9,2026-09-29,Rafael Prudente,MDB,12.1,8.5,2,
senador,DF,1,1º turno,bruto,9,2026-09-29,José Reguffe,Solidariedade,12,10.1,2,
senador,DF,1,1º turno,bruto,9,2026-09-29,Sebastião Coelho,Novo,7.1,2.3,7,
governador,BA,1,1º turno,validos,10,2026-10-03,Jerônimo Rodrigues,PT,49.2,51.69,10,
governador,BA,1,1º turno,validos,10,2026-10-03,ACM Neto,União Brasil,48.8,47.19,10,
governador,BA,1,1º turno,validos,10,2026-10-03,Aroldo Felix,UP,2.3,2.34,1,
governador,BA,1,1º turno,validos,10,2026-10-03,Ronaldo Mansur,PSOL,1.1,1.12,3,
governador,BA,1,1º turno,validos,10,2026-10-03,Ariel Capistrano,DC,0.9,0,3,
governador,BA,1,1º turno,validos,10,2026-10-03,Maria Bona,PCO,0.6,0,3,
governador,BA,2,2º turno: Jerônimo Rodrigues vs ACM Neto,validos,10,2026-10-02,ACM Neto,União Brasil,51,47.86,10,
governador,BA,2,2º turno: Jerônimo Rodrigues vs ACM Neto,validos,10,2026-10-02,Jerônimo Rodrigues,PT,49,52.14,10,
governador,BA,2,2º turno: ACM Neto vs Ronaldo Mansur,validos,1,2026-08-19,ACM Neto,União Brasil,87.4,87.41,1,
governador,BA,2,2º turno: ACM Neto vs Ronaldo Mansur,validos,1,2026-08-19,Ronaldo Mansur,PSOL,12.6,12.59,1,
governador,BA,2,2º turno: Jerônimo Rodrigues vs Ronaldo Mansur,validos,1,2026-08-19,Jerônimo Rodrigues,PT,81.9,81.87,1,
governador,BA,2,2º turno: Jerônimo Rodrigues vs Ronaldo Mansur,validos,1,2026-08-19,Ronaldo Mansur,PSOL,18.1,18.13,1,
senador,BA,1,1º turno,bruto,10,2026-09-26,Rui Costa,PT,42.3,41.59,10,
senador,BA,1,1º turno,bruto,10,2026-09-26,Jaques Wagner,PT,33.6,29.52,10,
senador,BA,1,1º turno,bruto,10,2026-09-26,João Roma,PL,28.8,25.44,10,
senador,BA,1,1º turno,bruto,10,2026-09-26,Ângelo Coronel,Republicanos,26.5,19.89,10,
governador,ES,1,1º turno,validos,10,2026-10-03,Lorenzo Pazolini,Republicanos,42,44.74,10,
governador,ES,1,1º turno,validos,10,2026-10-03,Ricardo Ferraço,MDB,38.5,40.79,10,
governador,ES,1,1º turno,validos,10,2026-10-03,Helder Salomão,PT,16.1,13.16,10,
governador,ES,1,1º turno,validos,10,2026-10-03,Breno Barcelos,Missão,2.4,1.32,2,
governador,ES,1,1º turno,validos,10,2026-10-03,Rafael Demuner,UP,0.5,0,2,
governador,ES,2,2º turno: Lorenzo Pazolini vs Ricardo Ferraço,validos,10,2026-10-03,Ricardo Ferraço,MDB,50.3,48.75,10,
governador,ES,2,2º turno: Lorenzo Pazolini vs Ricardo Ferraço,validos,10,2026-10-03,Lorenzo Pazolini,Republicanos,49.7,51.25,10,
governador,ES,2,2º turno: Lorenzo Pazolini vs Helder Salomão,validos,5,2026-09-29,Lorenzo Pazolini,Republicanos,69.5,63.95,5,
governador,ES,2,2º turno: Lorenzo Pazolini vs Helder Salomão,validos,5,2026-09-29,Helder Salomão,PT,30.5,36.05,5,
governador,ES,2,2º turno: Ricardo Ferraço vs Helder Salomão,validos,3,2026-09-29,Ricardo Ferraço,MDB,72.1,70.11,3,
governador,ES,2,2º turno: Ricardo Ferraço vs Helder Salomão,validos,3,2026-09-29,Helder Salomão,PT,27.9,29.89,3,
governador,ES,2,2º turno: Lorenzo Pazolini vs Magno Malta,validos,5,2026-07-21,Lorenzo Pazolini,Republicanos,63,68.92,5,
governador,ES,2,2º turno: Lorenzo Pazolini vs Magno Malta,validos,5,2026-07-21,Magno Malta,PL,37,31.08,5,
governador,ES,2,2º turno: Ricardo Ferraço vs Magno Malta,validos,4,2026-07-21,Ricardo Ferraço,MDB,64.1,66.67,4,
governador,ES,2,2º turno: Ricardo Ferraço vs Magno Malta,validos,4,2026-07-21,Magno Malta,PL,35.9,33.33,4,
governador,ES,2,2º turno: Ricardo Ferraço vs Paulo Hartung,validos,3,2026-07-21,Paulo Hartung,PSD,46.8,44.44,3,
governador,ES,2,2º turno: Ricardo Ferraço vs Paulo Hartung,validos,3,2026-07-21,Ricardo Ferraço,MDB,45.8,50,3,
governador,ES,2,2º turno: Ricardo Ferraço vs Paulo Hartung,validos,3,2026-07-21,Vatagem,,7.4,5.56,3,
governador,ES,2,2º turno: Lorenzo Pazolini vs Paulo Hartung,validos,2,2026-07-21,Paulo Hartung,PSD,52.8,49.38,2,
governador,ES,2,2º turno: Lorenzo Pazolini vs Paulo Hartung,validos,2,2026-07-21,Lorenzo Pazolini,Republicanos,47.2,50.62,2,
governador,ES,2,2º turno: Magno Malta vs Helder Salomão,validos,2,2026-07-21,Magno Malta,PL,55.4,55.74,2,
governador,ES,2,2º turno: Magno Malta vs Helder Salomão,validos,2,2026-07-21,Helder Salomão,PT,44.6,44.26,2,
governador,ES,2,2º turno: Paulo Hartung vs Helder Salomão,validos,1,2026-07-21,Paulo Hartung,PSD,64,64,1,
governador,ES,2,2º turno: Paulo Hartung vs Helder Salomão,validos,1,2026-07-21,Helder Salomão,PT,36,36,1,
governador,ES,2,2º turno: Paulo Hartung vs Magno Malta,validos,1,2026-07-21,Paulo Hartung,PSD,62.2,62.16,1,
governador,ES,2,2º turno: Paulo Hartung vs Magno Malta,validos,1,2026-07-21,Magno Malta,PL,37.8,37.84,1,
governador,ES,2,2º turno: Magno Malta vs Arnaldinho Borgo,validos,1,2026-03-25,Magno Malta,PL,57.6,57.63,1,
governador,ES,2,2º turno: Magno Malta vs Arnaldinho Borgo,validos,1,2026-03-25,Arnaldinho Borgo,PSDB,42.4,42.37,1,
senador,ES,1,1º turno,bruto,6,2026-09-22,Renato Casagrande,PSB,40.8,49.8,6,
senador,ES,1,1º turno,bruto,6,2026-09-22,Fabiano Contarato,PT,24.8,22.7,6,
senador,ES,1,1º turno,bruto,6,2026-09-22,Maguinha Malta,PL,16.3,16.6,6,
senador,ES,1,1º turno,bruto,6,2026-09-22,Arnaldinho Borgo,PSDB,16.1,16.1,1,
senador,ES,1,1º turno,bruto,6,2026-09-22,Euclério Sampaio,MDB,14.8,14.8,1,
senador,ES,1,1º turno,bruto,6,2026-09-22,Sérgio Meneguelli,PSD,13.7,19.9,5,
senador,ES,1,1º turno,bruto,6,2026-09-22,Evair de Melo,Republicanos,13,13.8,4,
senador,ES,1,1º turno,bruto,6,2026-09-22,Paulo Hartung,PSD,12.2,17.96,2,
senador,ES,1,1º turno,bruto,6,2026-09-22,Marcos do Val,Avante,11.7,9.7,5,
senador,ES,1,1º turno,bruto,6,2026-09-22,Rose de Freitas,MDB,9.8,14,4,
senador,ES,1,1º turno,bruto,6,2026-09-22,Callegari,DC,3.4,3.8,4,
senador,ES,1,1º turno,bruto,6,2026-09-22,Leonardo Monjardim,Novo,2.1,1,4,
governador,RS,1,1º turno,validos,10,2026-10-03,Zucco,PL,45.2,51.32,10,
governador,RS,1,1º turno,validos,10,2026-10-03,Juliana Brizola,PDT,35.8,32.89,10,
governador,RS,1,1º turno,validos,10,2026-10-03,Gabriel Souza,MDB,15,11.84,10,
governador,RS,1,1º turno,validos,10,2026-10-03,Marcelo Maranata,PSDB,2.6,2.63,9,
governador,RS,1,1º turno,validos,10,2026-10-03,Cesar Pontes,PCO,1.3,1.32,1,
governador,RS,1,1º turno,validos,10,2026-10-03,Priscila Voigt,UP,0.1,0,2,
governador,RS,1,1º turno,validos,10,2026-10-03,Rejane de Oliveira,PSTU,0,0,1,
governador,RS,2,2º turno: Zucco vs Juliana Brizola,validos,10,2026-10-03,Zucco,PL,54.2,56.79,10,
governador,RS,2,2º turno: Zucco vs Juliana Brizola,validos,10,2026-10-03,Juliana Brizola,PDT,45.8,43.21,10,
governador,RS,2,2º turno: Juliana Brizola vs Gabriel Souza,validos,6,2026-09-20,Juliana Brizola,PDT,60.7,52.93,6,
governador,RS,2,2º turno: Juliana Brizola vs Gabriel Souza,validos,6,2026-09-20,Gabriel Souza,MDB,39.3,47.07,6,
governador,RS,2,2º turno: Zucco vs Gabriel Souza,validos,3,2026-09-20,Zucco,PL,60.3,52.2,3,
governador,RS,2,2º turno: Zucco vs Gabriel Souza,validos,3,2026-09-20,Gabriel Souza,MDB,39.7,47.8,3,
governador,RS,2,2º turno: Edegar Pretto vs Gabriel Souza,validos,1,2026-02-10,Edegar Pretto,PT,55.8,55.79,1,
governador,RS,2,2º turno: Edegar Pretto vs Gabriel Souza,validos,1,2026-02-10,Gabriel Souza,MDB,44.2,44.21,1,
governador,RS,2,2º turno: Juliana Brizola vs Edegar Pretto,validos,1,2026-02-10,Juliana Brizola,PDT,59,59.02,1,
governador,RS,2,2º turno: Juliana Brizola vs Edegar Pretto,validos,1,2026-02-10,Edegar Pretto,PT,41,40.98,1,
governador,RS,2,2º turno: Zucco vs Edegar Pretto,validos,1,2026-02-10,Zucco,PL,56.2,56.22,1,
governador,RS,2,2º turno: Zucco vs Edegar Pretto,validos,1,2026-02-10,Edegar Pretto,PT,43.8,43.78,1,
senador,RS,1,1º turno,bruto,10,2026-09-18,Eduardo Leite,PSD,40.3,27.8,1,
senador,RS,1,1º turno,bruto,10,2026-09-18,Juliana Brizola,PDT,29.7,29.7,1,
senador,RS,1,1º turno,bruto,10,2026-09-18,Marcel Van Hattem,Novo,29.5,29.5,10,
senador,RS,1,1º turno,bruto,10,2026-09-18,Manuela D Ávila,PSOL,27.8,32.2,10,
senador,RS,1,1º turno,bruto,10,2026-09-18,Rigotto,MDB,21.7,20.6,10,
senador,RS,1,1º turno,bruto,10,2026-09-18,Pimenta,PT,21.3,25.4,10,
senador,RS,1,1º turno,bruto,10,2026-09-18,Sanderson,PL,19.1,21.2,9,
senador,RS,1,1º turno,bruto,10,2026-09-18,Frederico Antunes,PSD,5.9,3.5,8,
governador,AC,1,1º turno,validos,10,2026-10-03,Mailza Assis,PP,40.8,39.56,10,
governador,AC,1,1º turno,validos,10,2026-10-03,Alan Rick,Republicanos,37.5,36.26,10,
governador,AC,1,1º turno,validos,10,2026-10-03,Tião Bocalom,PSDB,14.3,17.58,10,
governador,AC,1,1º turno,validos,10,2026-10-03,Thor Dantas,PSB,7.2,5.49,5,
governador,AC,1,1º turno,validos,10,2026-10-03,Dr.luisinho,Agir,1,1.1,3,
governador,AC,1,1º turno,validos,10,2026-10-03,Eudo Raffael,PCB,0,0,3,
governador,AC,2,2º turno: Mailza Assis vs Alan Rick,validos,10,2026-10-03,Alan Rick,Republicanos,52.9,46.91,10,
governador,AC,2,2º turno: Mailza Assis vs Alan Rick,validos,10,2026-10-03,Mailza Assis,PP,47.1,53.09,10,
governador,AC,2,2º turno: Alan Rick vs Tião Bocalom,validos,9,2026-09-24,Alan Rick,Republicanos,66.4,74.38,9,
governador,AC,2,2º turno: Alan Rick vs Tião Bocalom,validos,9,2026-09-24,Tião Bocalom,PSDB,33.6,25.62,9,
governador,AC,2,2º turno: Mailza Assis vs Tião Bocalom,validos,7,2026-09-24,Mailza Assis,PP,64.2,68.83,7,
governador,AC,2,2º turno: Mailza Assis vs Tião Bocalom,validos,7,2026-09-24,Tião Bocalom,PSDB,35.8,31.17,7,
governador,AC,2,2º turno: Alan Rick vs Thor Dantas,validos,1,2026-08-02,Alan Rick,Republicanos,74.5,74.49,1,
governador,AC,2,2º turno: Alan Rick vs Thor Dantas,validos,1,2026-08-02,Thor Dantas,PSB,25.5,25.51,1,
senador,AC,1,1º turno,bruto,6,2026-09-05,Gladson Camelí,PP,42.5,38,6,
senador,AC,1,1º turno,bruto,6,2026-09-05,Jorge Viana,PT,31.4,34,6,
senador,AC,1,1º turno,bruto,6,2026-09-05,Márcio Bittar,PL,29.4,33,6,
senador,AC,1,1º turno,bruto,6,2026-09-05,Mara Rocha,Republicanos,20.4,24,6,
senador,AC,1,1º turno,bruto,6,2026-09-05,Coronel Ulysses,União Brasil,19.7,21.9,2,
senador,AC,1,1º turno,bruto,6,2026-09-05,Jéssica Sales,MDB,16.3,11.3,2,
senador,AC,1,1º turno,bruto,6,2026-09-05,Eduardo Velloso,Solidariedade,15.4,11,6,
senador,AC,1,1º turno,bruto,6,2026-09-05,Petecão,PSD,11.5,15,6,
governador,SE,1,1º turno,validos,10,2026-10-03,Fábio,PSD,51.3,55,10,
governador,SE,1,1º turno,validos,10,2026-10-03,Valmir de Francisquinho,Republicanos,40.7,43.75,10,
governador,SE,1,1º turno,validos,10,2026-10-03,Ricardo Marques,PL,6.8,6.36,9,
governador,SE,1,1º turno,validos,10,2026-10-03,Dr. Helton,PSOL,1.7,1.25,3,
governador,SE,1,1º turno,validos,10,2026-10-03,Emanuel Cacho,PSDB,0.8,0.45,2,
governador,SE,1,1º turno,validos,10,2026-10-03,Taty Cristina de Jesus,DC,0.2,0,3,
governador,SE,2,2º turno: Fábio vs Valmir de Francisquinho,validos,10,2026-10-03,Fábio,PSD,56.1,53.93,10,
governador,SE,2,2º turno: Fábio vs Valmir de Francisquinho,validos,10,2026-10-03,Valmir de Francisquinho,Republicanos,43.9,46.07,10,
governador,SE,2,2º turno: Fábio vs Ricardo Marques,validos,4,2026-09-10,Fábio,PSD,74.4,81.17,4,
governador,SE,2,2º turno: Fábio vs Ricardo Marques,validos,4,2026-09-10,Ricardo Marques,PL,25.6,18.83,4,
governador,SE,2,2º turno: Fábio vs Emanuel Cacho,validos,2,2026-09-03,Fábio,PSD,84.5,86.26,2,
governador,SE,2,2º turno: Fábio vs Emanuel Cacho,validos,2,2026-09-03,Emanuel Cacho,PSDB,15.5,13.74,2,
governador,SE,2,2º turno: Valmir de Francisquinho vs Ricardo Marques,validos,1,2026-09-09,Valmir de Francisquinho,Republicanos,62.6,62.62,1,
governador,SE,2,2º turno: Valmir de Francisquinho vs Ricardo Marques,validos,1,2026-09-09,Ricardo Marques,PL,37.4,37.38,1,
governador,SE,2,2º turno: Fábio vs Delegado André David,validos,1,2026-02-07,Fábio,PSD,58.9,58.9,1,
governador,SE,2,2º turno: Fábio vs Delegado André David,validos,1,2026-02-07,Delegado André David,Republicanos,41.1,41.1,1,
senador,SE,1,1º turno,bruto,10,2026-09-26,Delegado André David,Republicanos,26.6,17.03,10,
senador,SE,1,1º turno,bruto,10,2026-09-26,Delegado Alessandro,MDB,23,19.6,10,
senador,SE,1,1º turno,bruto,10,2026-09-26,André Moura,União Brasil,23,19.24,10,
senador,SE,1,1º turno,bruto,10,2026-09-26,Rogério Carvalho,PT,22.8,20.06,10,
senador,SE,1,1º turno,bruto,10,2026-09-26,Edvaldo,PDT,15.3,8.8,10,
senador,SE,1,1º turno,bruto,10,2026-09-26,Eduardo Amorim,Republicanos,14.8,14.22,10,
senador,SE,1,1º turno,bruto,10,2026-09-26,Rodrigo Valadares,PL,11.2,5.4,10,
senador,SE,1,1º turno,bruto,10,2026-09-26,Coronel Rocha,PL,5.3,1.59,7,
governador,MT,1,1º turno,validos,10,2026-10-03,Otaviano Pivetta,Republicanos,45.3,53.33,10,
governador,MT,1,1º turno,validos,10,2026-10-03,Wellington Fagundes,PL,32.5,26.67,10,
governador,MT,1,1º turno,validos,10,2026-10-03,Doutora Natasha,PSD,18,14.67,10,
governador,MT,1,1º turno,validos,10,2026-10-03,Sargento Laudicério,Agir,1.2,2.67,4,
governador,MT,1,1º turno,validos,10,2026-10-03,Rafaell Milas,Missão,0.8,1.33,4,
governador,MT,1,1º turno,validos,10,2026-10-03,Maurício Coelho,Mobiliza,0.6,1.33,3,
governador,MT,2,2º turno: Otaviano Pivetta vs Wellington Fagundes,validos,10,2026-10-03,Otaviano Pivetta,Republicanos,54.3,61.54,10,
governador,MT,2,2º turno: Otaviano Pivetta vs Wellington Fagundes,validos,10,2026-10-03,Wellington Fagundes,PL,45.7,38.46,10,
governador,MT,2,2º turno: Wellington Fagundes vs Doutora Natasha,validos,7,2026-09-24,Wellington Fagundes,PL,69.2,65.75,7,
governador,MT,2,2º turno: Wellington Fagundes vs Doutora Natasha,validos,7,2026-09-24,Doutora Natasha,PSD,30.8,34.25,7,
governador,MT,2,2º turno: Otaviano Pivetta vs Doutora Natasha,validos,5,2026-09-24,Otaviano Pivetta,Republicanos,62,61.33,5,
governador,MT,2,2º turno: Otaviano Pivetta vs Doutora Natasha,validos,5,2026-09-24,Doutora Natasha,PSD,38,38.67,5,
governador,MT,2,2º turno: Wellington Fagundes vs Jayme Campos,validos,4,2026-07-27,Wellington Fagundes,PL,61.5,62.26,4,
governador,MT,2,2º turno: Wellington Fagundes vs Jayme Campos,validos,4,2026-07-27,Jayme Campos,União Brasil,38.5,37.74,4,
governador,MT,2,2º turno: Jayme Campos vs Doutora Natasha,validos,2,2026-06-01,Jayme Campos,União Brasil,54.2,53.23,2,
governador,MT,2,2º turno: Jayme Campos vs Doutora Natasha,validos,2,2026-06-01,Doutora Natasha,PSD,45.8,46.77,2,
governador,MT,2,2º turno: Otaviano Pivetta vs Jayme Campos,validos,2,2026-06-01,Otaviano Pivetta,Republicanos,54.8,57.97,2,
governador,MT,2,2º turno: Otaviano Pivetta vs Jayme Campos,validos,2,2026-06-01,Jayme Campos,União Brasil,45.2,42.03,2,
senador,MT,1,1º turno,bruto,7,2026-09-30,Mauro Mendes,União Brasil,47.8,50,7,
senador,MT,1,1º turno,bruto,7,2026-09-30,Janaína Riva,MDB,32.7,36,7,
senador,MT,1,1º turno,bruto,7,2026-09-30,Zé Medeiros,PL,27.7,31,7,
senador,MT,1,1º turno,bruto,7,2026-09-30,Fávaro,PSD,18.5,15,7,
senador,MT,1,1º turno,bruto,7,2026-09-30,Pedro Taques,PSB,13.1,14,7,
senador,MT,1,1º turno,bruto,7,2026-09-30,Galvan,Avante,6.7,7,7,
senador,MT,1,1º turno,bruto,7,2026-09-30,Coronel Darwin,Democrata,2.9,3.3,3,
senador,MT,1,1º turno,bruto,7,2026-09-30,Professor Nelson Ferreira,Agir,2.2,2.4,2,
senador,MT,1,1º turno,bruto,7,2026-09-30,Margareth Buzetti,PP,1.4,0.4,3,
senador,MT,1,1º turno,bruto,7,2026-09-30,Beny Godoy,Agir,0.2,0.1,2,
governador,PB,1,1º turno,validos,10,2026-10-03,Lucas Ribeiro,PP,55.6,61.18,10,
governador,PB,1,1º turno,validos,10,2026-10-03,Efraim Filho,PL,21.3,22.35,10,
governador,PB,1,1º turno,validos,10,2026-10-03,Cícero Lucena,MDB,21,15.29,10,
governador,PB,1,1º turno,validos,10,2026-10-03,Pedro Coutinho,DC,1.2,1.18,1,
governador,PB,1,1º turno,validos,10,2026-10-03,Pedro Couto,DC,1.2,1.23,1,
governador,PB,1,1º turno,validos,10,2026-10-03,Yuri Ezequiel,UP,0.2,0,3,
governador,PB,1,1º turno,validos,10,2026-10-03,Camilo Duarte,PCO,0.1,0,3,
governador,PB,2,2º turno: Lucas Ribeiro vs Cícero Lucena,validos,10,2026-10-03,Lucas Ribeiro,PP,57.2,76.54,10,
governador,PB,2,2º turno: Lucas Ribeiro vs Cícero Lucena,validos,10,2026-10-03,Cícero Lucena,MDB,42.8,23.46,10,
governador,PB,2,2º turno: Efraim Filho vs Cícero Lucena,validos,8,2026-10-01,Cícero Lucena,MDB,56.4,48.61,8,
governador,PB,2,2º turno: Efraim Filho vs Cícero Lucena,validos,8,2026-10-01,Efraim Filho,PL,43.6,51.39,8,
governador,PB,2,2º turno: Lucas Ribeiro vs Efraim Filho,validos,8,2026-10-01,Lucas Ribeiro,PP,61.3,63.41,8,
governador,PB,2,2º turno: Lucas Ribeiro vs Efraim Filho,validos,8,2026-10-01,Efraim Filho,PL,38.7,36.59,8,
governador,PB,2,2º turno: Cícero Lucena vs Lúcio Flávio,validos,2,2026-03-21,Cícero Lucena,MDB,91.1,91.89,2,
governador,PB,2,2º turno: Cícero Lucena vs Lúcio Flávio,validos,2,2026-03-21,Lúcio Flávio,PL,8.9,8.11,2,
governador,PB,2,2º turno: Cícero Lucena vs Olímpio Rocha,validos,1,2026-03-21,Cícero Lucena,MDB,93.7,93.65,1,
governador,PB,2,2º turno: Cícero Lucena vs Olímpio Rocha,validos,1,2026-03-21,Olímpio Rocha,PSOL,6.3,6.35,1,
senador,PB,1,1º turno,bruto,10,2026-09-27,João Azevêdo,PSB,53.9,55,10,
senador,PB,1,1º turno,bruto,10,2026-09-27,Veneziano,MDB,33.2,30,10,
senador,PB,1,1º turno,bruto,10,2026-09-27,Nabor,Republicanos,19.1,30,10,
senador,PB,1,1º turno,bruto,10,2026-09-27,Dr. Marcelo Queiroga,PL,13.9,11,10,
senador,PB,1,1º turno,bruto,10,2026-09-27,Major Fábio,Novo,8.4,5,10,
senador,PB,1,1º turno,bruto,10,2026-09-27,Avenzoar Arruda,PSOL,5.7,1.4,3,
governador,AL,1,1º turno,validos,10,2026-10-03,Jhc,PSDB,50.5,49.41,10,
governador,AL,1,1º turno,validos,10,2026-10-03,Renan Filho,MDB,48.7,50.59,10,
governador,AL,1,1º turno,validos,10,2026-10-03,Lenilda Luna,UP,0.3,0,3,
governador,AL,1,1º turno,validos,10,2026-10-03,Márcio Jambo,Democrata,0.1,0,3,
governador,AL,2,2º turno: Renan Filho vs Jhc,validos,10,2026-10-03,Jhc,PSDB,51.2,50.0,10,
governador,AL,2,2º turno: Renan Filho vs Jhc,validos,10,2026-10-03,Renan Filho,MDB,48.8,50.0,10,
senador,AL,1,1º turno,bruto,10,2026-09-29,Arthur Lira,PP,40.5,41.6,10,
senador,AL,1,1º turno,bruto,10,2026-09-29,Marina JHC,PSDB,40.4,45.6,10,
senador,AL,1,1º turno,bruto,10,2026-09-29,Renan,MDB,34.5,36.9,10,
senador,AL,1,1º turno,bruto,10,2026-09-29,Davi Davino Filho,Republicanos,20.5,22.9,10,
senador,AL,1,1º turno,bruto,10,2026-09-29,Dr. Wanderley,MDB,12,15.2,10,
senador,AL,1,1º turno,bruto,10,2026-09-29,Alexandre Fleming,UP,1.1,1.1,1,
senador,AL,1,1º turno,bruto,10,2026-09-29,Mariedson,Democrata,0.4,0.4,1,
governador,MS,1,1º turno,validos,10,2026-10-03,Eduardo Riedel,PP,58.6,65.88,10,
governador,MS,1,1º turno,validos,10,2026-10-03,Fábio Trad,PT,23,22.35,10,
governador,MS,1,1º turno,validos,10,2026-10-03,João Henrique Catan,Novo,7.9,3.53,10,
governador,MS,1,1º turno,validos,10,2026-10-03,Delcidio Amaral,PRD,6.5,4.71,9,
governador,MS,1,1º turno,validos,10,2026-10-03,Economista Renato Gomes,DC,1.5,1.18,4,
governador,MS,1,1º turno,validos,10,2026-10-03,Lucien Rezende,PSOL,1.2,1.18,3,
governador,MS,1,1º turno,validos,10,2026-10-03,Jeferson Bezerra,Agir,1.1,1.18,2,
governador,MS,1,1º turno,validos,10,2026-10-03,Daniel Lemes,PCO,0,0,3,
governador,MS,2,2º turno: Eduardo Riedel vs Fábio Trad,validos,6,2026-10-03,Eduardo Riedel,PP,66.7,70,6,
governador,MS,2,2º turno: Eduardo Riedel vs Fábio Trad,validos,6,2026-10-03,Fábio Trad,PT,33.3,30,6,
governador,MS,2,2º turno: Eduardo Riedel vs Delcidio Amaral,validos,3,2026-09-24,Eduardo Riedel,PP,72,76.83,3,
governador,MS,2,2º turno: Eduardo Riedel vs Delcidio Amaral,validos,3,2026-09-24,Delcidio Amaral,PRD,28,23.17,3,
governador,MS,2,2º turno: Eduardo Riedel vs João Henrique Catan,validos,1,2026-05-11,Eduardo Riedel,PP,70.3,70.27,1,
governador,MS,2,2º turno: Eduardo Riedel vs João Henrique Catan,validos,1,2026-05-11,João Henrique Catan,Novo,29.7,29.73,1,
governador,MS,2,2º turno: Eduardo Riedel vs Lucien Rezende,validos,1,2026-05-11,Eduardo Riedel,PP,81.8,81.82,1,
governador,MS,2,2º turno: Eduardo Riedel vs Lucien Rezende,validos,1,2026-05-11,Lucien Rezende,PSOL,18.2,18.18,1,
senador,MS,1,1º turno,bruto,5,2026-09-30,Reinaldo Azambuja,PL,45.1,60,5,
senador,MS,1,1º turno,bruto,5,2026-09-30,Capitão Contar,PL,44.6,53,4,
senador,MS,1,1º turno,bruto,5,2026-09-30,Simone Tebet,MDB,29.2,29.2,1,
senador,MS,1,1º turno,bruto,5,2026-09-30,Rose Modesto,União Brasil,26.8,26.8,1,
senador,MS,1,1º turno,bruto,5,2026-09-30,Nelsinho Trad,PSD,23.1,36.6,3,
senador,MS,1,1º turno,bruto,5,2026-09-30,Vander Loubet,PT,20.8,37,5,
senador,MS,1,1º turno,bruto,5,2026-09-30,Marcos Pollon,PL,17.6,7.7,2,
senador,MS,1,1º turno,bruto,5,2026-09-30,Soraya,PSB,13.1,17,5,
senador,MS,1,1º turno,bruto,5,2026-09-30,Gianni Nogueira,PL,12.1,12.1,1,
senador,MS,1,1º turno,bruto,5,2026-09-30,Gerson Claro,PP,3.6,3.6,1,
governador,PI,1,1º turno,validos,10,2026-10-02,Rafael Fonteles,PT,68.6,69.77,10,
governador,PI,1,1º turno,validos,10,2026-10-02,Joel Rodrigues,PP,26.1,30.23,10,
governador,PI,1,1º turno,validos,10,2026-10-02,Doutora Lúcia Santos,PSDB,2,1.98,1,
governador,PI,2,2º turno: Rafael Fonteles vs Joel Rodrigues,validos,5,2026-08-27,Rafael Fonteles,PT,63.5,67.42,5,
governador,PI,2,2º turno: Rafael Fonteles vs Joel Rodrigues,validos,5,2026-08-27,Joel Rodrigues,PP,36.5,32.58,5,
senador,PI,1,1º turno,bruto,9,2026-08-27,Ciro Nogueira,PP,37.5,36,9,
senador,PI,1,1º turno,bruto,9,2026-08-27,Marcelo Castro,MDB,29.9,33,9,
senador,PI,1,1º turno,bruto,9,2026-08-27,Júlio César O Julim do Lula,PSD,23.7,31,9,
senador,PI,1,1º turno,bruto,9,2026-08-27,Tiago Junqueira,PL,7.9,8,9,
senador,PI,1,1º turno,bruto,9,2026-08-27,Pedro Laurentino,UP,2.6,2.6,1,
senador,PI,1,1º turno,bruto,9,2026-08-27,Jorge Lopes,PSDB,1.9,1.9,1,
senador,PI,1,1º turno,bruto,9,2026-08-27,Francinaldo Leão,PSOL,1.6,1.6,1,
governador,TO,1,1º turno,validos,10,2026-10-03,Professora Dorinha,União Brasil,45.1,46.15,10,
governador,TO,1,1º turno,validos,10,2026-10-03,Vicentinho Júnior,PSDB,39.7,40.66,10,
governador,TO,1,1º turno,validos,10,2026-10-03,Laurez Moreira,PSD,7.8,10.99,10,
governador,TO,1,1º turno,validos,10,2026-10-03,Ataides de Oliveira,Novo,3.5,1.1,8,
governador,TO,1,1º turno,validos,10,2026-10-03,Siqueira Campos Jr,Democrata,1.1,1.1,1,
governador,TO,1,1º turno,validos,10,2026-10-03,Du Pereira,DC,0,0,1,
governador,TO,1,1º turno,validos,10,2026-10-03,Professor Witer Naves,PSOL,0,0,1,
governador,TO,2,2º turno: Professora Dorinha vs Vicentinho Júnior,validos,7,2026-10-03,Professora Dorinha,União Brasil,51.4,50.0,7,
governador,TO,2,2º turno: Professora Dorinha vs Vicentinho Júnior,validos,7,2026-10-03,Vicentinho Júnior,PSDB,48.6,50.0,7,
governador,TO,2,2º turno: Professora Dorinha vs Laurez Moreira,validos,3,2026-06-18,Professora Dorinha,União Brasil,59.3,58.54,3,
governador,TO,2,2º turno: Professora Dorinha vs Laurez Moreira,validos,3,2026-06-18,Laurez Moreira,PSD,40.7,41.46,3,
governador,TO,2,2º turno: Laurez Moreira vs Ataides de Oliveira,validos,1,2026-08-24,Laurez Moreira,PSD,54.5,54.55,1,
governador,TO,2,2º turno: Laurez Moreira vs Ataides de Oliveira,validos,1,2026-08-24,Ataides de Oliveira,Novo,45.5,45.45,1,
governador,TO,2,2º turno: Vicentinho Júnior vs Laurez Moreira,validos,1,2025-08-25,Vicentinho Júnior,PSDB,58,58.02,1,
governador,TO,2,2º turno: Vicentinho Júnior vs Laurez Moreira,validos,1,2025-08-25,Laurez Moreira,PSD,42,41.98,1,
senador,TO,1,1º turno,bruto,10,2026-10-01,Eduardo Gomes,PL,37.9,37,10,
senador,TO,1,1º turno,bruto,10,2026-10-01,Alexandre Guimarães,MDB,26.9,26.1,10,
senador,TO,1,1º turno,bruto,10,2026-10-01,Gaguim,União Brasil,22.9,24.4,10,
senador,TO,1,1º turno,bruto,10,2026-10-01,Eli Borges,Republicanos,20.1,21.4,10,
senador,TO,1,1º turno,bruto,10,2026-10-01,Vanderlei Luxemburgo,Podemos,14,12.6,9,
senador,TO,1,1º turno,bruto,10,2026-10-01,Paulo Mourão,PT,13.6,16.8,10,
senador,TO,1,1º turno,bruto,10,2026-10-01,Ronaldo Dimas,Podemos,10.9,13,9,
senador,TO,1,1º turno,bruto,10,2026-10-01,Helio Rodrigues Bolsonaro,PL,3.3,3.3,1,
senador,TO,1,1º turno,bruto,10,2026-10-01,Coronel Nilton Santos,Novo,2.7,2.7,1,
governador,MA,1,1º turno,validos,10,2026-10-03,Eduardo Braide,PSD,48.6,51.81,10,
governador,MA,1,1º turno,validos,10,2026-10-03,Orleans Brandão,MDB,36.8,34.94,10,
governador,MA,1,1º turno,validos,10,2026-10-03,Felipe Camarão,PT,8.4,9.64,10,
governador,MA,1,1º turno,validos,10,2026-10-03,Roberto Rocha,PRTB,4,2.41,10,
governador,MA,1,1º turno,validos,10,2026-10-03,André Luis,Missão,1.4,1.2,4,
governador,MA,1,1º turno,validos,10,2026-10-03,Saulo Arcangeli,PSTU,0.3,0,3,
governador,MA,1,1º turno,validos,10,2026-10-03,Dimas Cassimiro,PCO,0,0,2,
governador,MA,1,1º turno,validos,10,2026-10-03,Reginaldo Lima,PCB,0,0,2,
governador,MA,2,2º turno: Eduardo Braide vs Orleans Brandão,validos,9,2026-10-03,Eduardo Braide,PSD,59.5,62.07,9,
governador,MA,2,2º turno: Eduardo Braide vs Orleans Brandão,validos,9,2026-10-03,Orleans Brandão,MDB,40.5,37.93,9,
governador,MA,2,2º turno: Eduardo Braide vs Felipe Camarão,validos,3,2026-09-24,Eduardo Braide,PSD,74,76.74,3,
governador,MA,2,2º turno: Eduardo Braide vs Felipe Camarão,validos,3,2026-09-24,Felipe Camarão,PT,26,23.26,3,
governador,MA,2,2º turno: Eduardo Braide vs Lahésio Bonfim,validos,3,2026-05-13,Eduardo Braide,PSD,67.5,76.9,3,
governador,MA,2,2º turno: Eduardo Braide vs Lahésio Bonfim,validos,3,2026-05-13,Lahésio Bonfim,Novo,32.5,23.1,3,
governador,MA,2,2º turno: Eduardo Braide vs Roberto Rocha,validos,2,2026-09-24,Eduardo Braide,PSD,76.9,83.95,2,
governador,MA,2,2º turno: Eduardo Braide vs Roberto Rocha,validos,2,2026-09-24,Roberto Rocha,PRTB,23.1,16.05,2,
governador,MA,2,2º turno: Orleans Brandão vs Roberto Rocha,validos,2,2026-09-24,Orleans Brandão,MDB,69,74.65,2,
governador,MA,2,2º turno: Orleans Brandão vs Roberto Rocha,validos,2,2026-09-24,Roberto Rocha,PRTB,31,25.35,2,
governador,MA,2,2º turno: Orleans Brandão vs Lahésio Bonfim,validos,2,2026-03-16,Orleans Brandão,MDB,60.6,60.87,2,
governador,MA,2,2º turno: Orleans Brandão vs Lahésio Bonfim,validos,2,2026-03-16,Lahésio Bonfim,Novo,39.4,39.13,2,
governador,MA,2,2º turno: Felipe Camarão vs Roberto Rocha,validos,1,2026-07-07,Felipe Camarão,PT,50,50,1,
governador,MA,2,2º turno: Felipe Camarão vs Roberto Rocha,validos,1,2026-07-07,Roberto Rocha,Novo,50,50,1,
governador,MA,2,2º turno: Orleans Brandão vs Felipe Camarão,validos,1,2026-07-07,Orleans Brandão,MDB,70,70,1,
governador,MA,2,2º turno: Orleans Brandão vs Felipe Camarão,validos,1,2026-07-07,Felipe Camarão,PT,30,30,1,
senador,MA,1,1º turno,bruto,3,2026-09-17,Lahesio Bonfim,Novo,37.5,44.7,2,
senador,MA,1,1º turno,bruto,3,2026-09-17,Orleans Brandão,Sem partido,34.6,50.5,1,
senador,MA,1,1º turno,bruto,3,2026-09-17,Roberto Rocha,Novo,27.8,18.3,1,
senador,MA,1,1º turno,bruto,3,2026-09-17,Cidônio Gonçalves,PL,26.9,32.4,2,
senador,MA,1,1º turno,bruto,3,2026-09-17,Fufuca,PP,22.4,28.9,3,
senador,MA,1,1º turno,bruto,3,2026-09-17,Roseana Sarney,MDB,22.2,29,2,
senador,MA,1,1º turno,bruto,3,2026-09-17,Eliziane Gama,PT,21.7,32.1,3,
senador,MA,1,1º turno,bruto,3,2026-09-17,Weverton Rocha,PDT,13.7,6.9,2,
senador,MA,1,1º turno,bruto,3,2026-09-17,Pedro Lucas,União Brasil,10.1,8.6,1,
senador,MA,1,1º turno,bruto,3,2026-09-17,Dr.hilton Gonçalo,Mobiliza,5.9,7.1,2,
senador,MA,1,1º turno,bruto,3,2026-09-17,Mical Damasceno,PSD,5.2,5.2,1,
senador,MA,1,1º turno,bruto,3,2026-09-17,César Pires,PSD,4.7,8.2,1,
governador,AP,1,1º turno,validos,10,2026-09-29,Dr. Furlan,PSD,61.3,60.82,10,
governador,AP,1,1º turno,validos,10,2026-09-29,Clécio,União Brasil,37.4,39.18,10,
governador,AP,1,1º turno,validos,10,2026-09-29,Jairo Palheta,PCO,0.3,0,4,
governador,AP,1,1º turno,validos,10,2026-09-29,Delegado Marcos,DC,0.2,0,3,
governador,AP,1,1º turno,validos,10,2026-09-29,Carlos Cley,PSTU,0.1,0,3,
governador,AP,2,2º turno: Dr. Furlan vs Clécio,validos,8,2026-09-29,Dr. Furlan,PSD,62.7,60.82,8,
governador,AP,2,2º turno: Dr. Furlan vs Clécio,validos,8,2026-09-29,Clécio,União Brasil,37.3,39.18,8,
senador,AP,1,1º turno,bruto,7,2026-09-27,Rayssa Furlan,Podemos,53.2,54,7,
senador,AP,1,1º turno,bruto,7,2026-09-27,Randolfe,PT,35,36.7,7,
senador,AP,1,1º turno,bruto,7,2026-09-27,Lucas Barreto,PSD,34.3,36.1,7,
senador,AP,1,1º turno,bruto,7,2026-09-27,Alliny Serrão,União Brasil,19.1,20,7,
senador,AP,1,1º turno,bruto,7,2026-09-27,Acácio Favacho,MDB,17.5,21.4,7,
senador,AP,1,1º turno,bruto,7,2026-09-27,Capi,PSB,7.9,6.1,7,
senador,AP,1,1º turno,bruto,7,2026-09-27,Teles Junior,PDT,5.4,5.4,1,
governador,SC,1,1º turno,validos,10,2026-10-03,Jorginho Mello,PL,62.5,70.37,10,
governador,SC,1,1º turno,validos,10,2026-10-03,João Rodrigues,PSD,19.7,14.81,10,
governador,SC,1,1º turno,validos,10,2026-10-03,Gelson Merísio,PSB,13.7,11.11,10,
governador,SC,1,1º turno,validos,10,2026-10-03,Marcelo Brigadeiro,Missão,1.6,1.23,9,
governador,SC,1,1º turno,validos,10,2026-10-03,Professor Marcus Sodré,PSTU,1.1,1.23,6,
governador,SC,1,1º turno,validos,10,2026-10-03,Laís Chaud,UP,0.8,0,5,
governador,SC,1,1º turno,validos,10,2026-10-03,Ralf Zimmer,PRD,0.6,1.23,5,
governador,SC,1,1º turno,validos,10,2026-10-03,Bruno Pedreiro do PCO,PCO,0.2,0,4,
governador,SC,2,2º turno: Jorginho Mello vs João Rodrigues,validos,7,2026-09-23,Jorginho Mello,PL,69.3,71.6,7,
governador,SC,2,2º turno: Jorginho Mello vs João Rodrigues,validos,7,2026-09-23,João Rodrigues,PSD,30.7,28.4,7,
governador,SC,2,2º turno: Jorginho Mello vs Gelson Merísio,validos,1,2026-09-16,Jorginho Mello,PL,78.6,78.57,1,
governador,SC,2,2º turno: Jorginho Mello vs Gelson Merísio,validos,1,2026-09-16,Gelson Merísio,PSB,21.4,21.43,1,
senador,SC,1,1º turno,bruto,7,2026-09-30,Carol,PL,46.6,58,7,
senador,SC,1,1º turno,bruto,7,2026-09-30,Carlos Bolsonaro,PL,45.4,43.8,7,
senador,SC,1,1º turno,bruto,7,2026-09-30,Esperidião Amin,PP,35.7,37.4,7,
senador,SC,1,1º turno,bruto,7,2026-09-30,Décio Lima,PT,23.2,24.8,7,
senador,SC,1,1º turno,bruto,7,2026-09-30,Clésio Salvaro,PSD,10.7,10.7,1,
senador,SC,1,1º turno,bruto,7,2026-09-30,Afrânio Boppré,PSOL,10.5,17.5,6,
senador,SC,1,1º turno,bruto,7,2026-09-30,Lunelli,MDB,9.6,11,3,
senador,SC,1,1º turno,bruto,7,2026-09-30,Carlos Chiodini,MDB,8.9,8.9,1,
senador,SC,1,1º turno,bruto,7,2026-09-30,Gilson Marques,Novo,6.9,7.4,2,
senador,SC,1,1º turno,bruto,7,2026-09-30,Vinicius Lummertz,MDB,0.5,0.5,2,
governador,RO,1,1º turno,validos,10,2026-10-03,Marcos Rogério,PL,43.1,50.65,10,
governador,RO,1,1º turno,validos,10,2026-10-03,Adaílton Fúria,PSD,27.3,24.68,10,
governador,RO,1,1º turno,validos,10,2026-10-03,Hildon Chaves,União Brasil,15.7,14.29,10,
governador,RO,1,1º turno,validos,10,2026-10-03,Expedito Netto,PT,9.1,7.79,10,
governador,RO,1,1º turno,validos,10,2026-10-03,Samuel Costa,PSB,2.2,1.3,10,
governador,RO,1,1º turno,validos,10,2026-10-03,Pedro Abib,MDB,1.3,1.3,2,
governador,RO,2,2º turno: Marcos Rogério vs Adaílton Fúria,validos,6,2026-10-03,Marcos Rogério,PL,59.1,63.16,6,
governador,RO,2,2º turno: Marcos Rogério vs Adaílton Fúria,validos,6,2026-10-03,Adaílton Fúria,PSD,40.9,36.84,6,
governador,RO,2,2º turno: Marcos Rogério vs Hildon Chaves,validos,2,2026-08-24,Marcos Rogério,PL,68.5,70.15,2,
governador,RO,2,2º turno: Marcos Rogério vs Hildon Chaves,validos,2,2026-08-24,Hildon Chaves,União Brasil,31.5,29.85,2,
governador,RO,2,2º turno: Adaílton Fúria vs Hildon Chaves,validos,1,2026-08-24,Adaílton Fúria,PSD,61.7,61.67,1,
governador,RO,2,2º turno: Adaílton Fúria vs Hildon Chaves,validos,1,2026-08-24,Hildon Chaves,União Brasil,38.3,38.33,1,
governador,RO,2,2º turno: Dr. Fernando Máximo vs Adaílton Fúria,validos,1,2025-08-13,Dr. Fernando Máximo,União Brasil,64.1,64.08,1,
governador,RO,2,2º turno: Dr. Fernando Máximo vs Adaílton Fúria,validos,1,2025-08-13,Adaílton Fúria,PSD,35.9,35.92,1,
governador,RO,2,2º turno: Dr. Fernando Máximo vs Hildon Chaves,validos,1,2025-08-13,Dr. Fernando Máximo,União Brasil,70.4,70.4,1,
governador,RO,2,2º turno: Dr. Fernando Máximo vs Hildon Chaves,validos,1,2025-08-13,Hildon Chaves,PSDB,29.6,29.6,1,
governador,RO,2,2º turno: Dr. Fernando Máximo vs Marcos Rogério,validos,1,2025-08-13,Dr. Fernando Máximo,União Brasil,51.4,51.41,1,
governador,RO,2,2º turno: Dr. Fernando Máximo vs Marcos Rogério,validos,1,2025-08-13,Marcos Rogério,PL,48.6,48.59,1,
senador,RO,1,1º turno,bruto,5,2026-09-25,Dr. Fernando Máximo,PL,43.9,49.1,5,
senador,RO,1,1º turno,bruto,5,2026-09-25,Bruno Scheid,PL,32.8,47.1,5,
senador,RO,1,1º turno,bruto,5,2026-09-25,Sílvia Cristina,PP,28.7,17.1,5,
senador,RO,1,1º turno,bruto,5,2026-09-25,Confúcio Moura,MDB,22.5,24.83,2,
senador,RO,1,1º turno,bruto,5,2026-09-25,Mariana Carvalho,União Brasil,20.8,15.8,5,
senador,RO,1,1º turno,bruto,5,2026-09-25,Acir Gurgacz,PDT,17.5,15.1,5,
governador,RR,1,1º turno,validos,9,2026-10-03,Arthur Henrique,PL,60.8,62.77,9,
governador,RR,1,1º turno,validos,9,2026-10-03,Edilson Damião,Republicanos,32.7,31.73,2,
governador,RR,1,1º turno,validos,9,2026-10-03,Soldado Sampaio,Republicanos,31.7,35.11,8,
governador,RR,1,1º turno,validos,9,2026-10-03,Juscelino Kubitschek Pereira,PT,6.6,5.92,2,
governador,RR,1,1º turno,validos,9,2026-10-03,Doutor Raposo,PP,4.1,2.26,2,
governador,RR,1,1º turno,validos,9,2026-10-03,Rosi Aires,PSOL,1.3,1.06,7,
governador,RR,1,1º turno,validos,9,2026-10-03,Farah Mesquita,Solidariedade,0.3,1.06,7,
governador,RR,1,1º turno,validos,9,2026-10-03,Clébio Genuíno,PCO,0.2,0,7,
governador,RR,2,2º turno: Arthur Henrique vs Soldado Sampaio,validos,4,2026-10-03,Arthur Henrique,PL,65.5,64.13,4,
governador,RR,2,2º turno: Arthur Henrique vs Soldado Sampaio,validos,4,2026-10-03,Soldado Sampaio,Republicanos,34.5,35.87,4,
senador,RR,1,1º turno,bruto,3,2026-09-06,Antônio Denarium,PP,55.7,55.7,1,
senador,RR,1,1º turno,bruto,3,2026-09-06,Teresa Surita,MDB,34,29.59,3,
senador,RR,1,1º turno,bruto,3,2026-09-06,Nicoletti,PL,24.3,25.16,2,
senador,RR,1,1º turno,bruto,3,2026-09-06,Chico Rodrigues,PSB,22.2,23.15,2,
senador,RR,1,1º turno,bruto,3,2026-09-06,Helena da Asatur,PSD,20.6,21.14,2,
senador,RR,1,1º turno,bruto,3,2026-09-06,Hélio Fernando Barbosa Lopes,PL,10.5,5.51,3,
