uf,protocolo,instituto,campo,n,classe,contratante,registro_dt,p360_noticia,nota
AC,BR070462026,DELTA AGENCIA DE PESQUISA,2026-03-16..2026-03-21,1006,ii-imprensa,RADIO E TELEVISAO NORTE LTDA,2026-03-16,,
AC,BR049482026,DATA CONTROL INSTITUTO DE PESQUISA,2026-03-17..2026-03-20,600,ii-imprensa,E. A. DE CARVALHO E CIA LTDA. / AMBIENTA - SOLUCOES AMBIENTAIS,2026-03-19,,
AC,BR031832026,VERITA,2026-03-18..2026-03-24,1030,ii-imprensa,INSTITUTO VERITA LTDA,2026-03-23,,
AC,BR071392026,DATA CONTROL INSTITUTO DE PESQUISA,2026-03-22..2026-03-29,1354,ii-imprensa,E. A. DE CARVALHO E CIA LTDA. / AMBIENTA - SOLUCOES AMBIENTAIS,2026-03-26,,
AC,BR013812026,DELTA AGENCIA DE PESQUISA,2026-04-25..2026-04-30,1006,ii-imprensa,GLOBAL PRESS LATINA LTDA / ALERTA CIDADE.COM; RAIMUNDO ADEMIR M. DE SOUZA / JORNAL DE NOTICIAS DA HORA,2026-04-25,,
AC,BR092732026,DELTA AGENCIA DE PESQUISA,2026-05-13..2026-05-16,800,ii-imprensa,RAIMUNDO ADEMIR M. DE SOUZA / JORNAL DE NOTICIAS DA HORA,2026-05-18,,
AC,BR048872026,VERITA,2026-05-22..2026-05-26,1030,ii-imprensa,INSTITUTO VERITA LTDA,2026-05-21,,
AC,BR059472026,INSTITUTO PARANA DE PESQUISAS E ANALISE DE CONSUMIDOR LTDA,2026-05-31..2026-06-02,1000,i-p360-irma-integra,INSTITUTO PARANA DE PESQUISAS E ANALISE DE CONSUMIDOR LTDA,2026-05-28,,
AC,BR030742026,DELTA AGENCIA DE PESQUISA,2026-06-01..2026-06-06,1200,ii-imprensa,RADIO E TELEVISAO NORTE LTDA,2026-05-31,,
AC,BR088792026,REAL TIME BIG DATA,2026-06-16..2026-06-17,1600,ii-imprensa,REAL TIME MIDIA LTDA,2026-06-12,,
AC,BR067332026,DELTA AGENCIA DE PESQUISA,2026-06-27..2026-06-30,800,ii-imprensa,W.D COMERCIO E SERVICOS LTDA / W.D EMPREENDIMENTOS,2026-06-26,,
AC,BR069942026,DELTA AGENCIA DE PESQUISA,2026-07-11..2026-07-15,1006,ii-imprensa,RADIO E TELEVISAO NORTE LTDA,2026-07-11,,
AC,BR076042026,DELTA AGENCIA DE PESQUISA,2026-08-04..2026-08-09,1006,i-p360-irma-integra,RADIO E TELEVISAO NORTE LTDA,2026-08-05,,
AL,BR049072026,VERITA,2026-03-18..2026-03-24,1220,ii-imprensa,INSTITUTO VERITA LTDA,2026-03-23,,
AL,BR071042026,DATATRENDS,2026-04-22..2026-04-23,1200,ii-imprensa,INSTITUTO DATATRENDS LTDA,2026-04-20,,
AL,BR015532026,VERITA,2026-05-22..2026-05-26,1220,ii-imprensa,INSTITUTO VERITA LTDA,2026-05-21,,
AL,BR052102026,INSTITUTO VOX BRASIL OPINIAO E PESQUISAS LTDA,2026-06-08..2026-06-11,1200,ii-imprensa,MACEIO FM RADIOS DIFUSORAS LTDA / JOVEM PAN NEWS,2026-06-08,,
AL,BR078012026,REAL TIME BIG DATA,2026-06-29..2026-06-30,1600,ii-imprensa,REAL TIME MIDIA LTDA,2026-06-25,,
AL,BR030842026,INSTITUTO VOX BRASIL OPINIAO E PESQUISAS LTDA,2026-07-06..2026-07-08,1200,ii-imprensa,MACEIO FM RADIOS DIFUSORAS LTDA / JOVEM PAN NEWS,2026-07-06,,
AL,BR012392026,PALPE PESQUISAS,2026-07-12..2026-07-20,5000,ii-imprensa,MOVIMENTO DEMOCRATICO BRASILEIRO - ALAGOAS - AL - ESTADUAL / MDB ALAGOAS,2026-07-20,,
AM,BR066242026,DIRETO AO PONTO PESQUISAS,2026-02-27..2026-03-03,1200,ii-imprensa,DCASTRO COMUNICACAO E MARKETING LTDA,2026-03-01,,
AM,BR029442026,"QUAEST PESQUISAS, CONSULTORIA E PROJETOS LTDA.",2026-03-05..2026-03-11,1500,ii-imprensa,REALTIME1 PORTAL DE NOTICIAS LTDA / RT1 AMAZONAS,2026-03-07,,
AM,BR040312026,INSTITUTO PHOENIX & ASSOCIADOS,2026-03-08..2026-03-12,1055,ii-imprensa,FRANCO & RODRIGUES COMUNICACAO SOCIAL  E EMPREENDIMENTOS LTDA / JORNAL CORREIO CONTINENTAL RO,2026-03-06,,
AM,BR041032026,REAL TIME BIG DATA,2026-03-17..2026-03-18,1500,ii-imprensa,REAL TIME MIDIA LTDA,2026-03-13,,
AM,BR027432026,VERITA,2026-03-18..2026-03-24,1220,ii-imprensa,INSTITUTO VERITA LTDA,2026-03-23,,
AM,BR038122026,ATLASINTEL,2026-05-08..2026-05-13,1200,ii-imprensa,ATLASINTEL TECNOLOGIA DE DADOS LTDA,2026-05-08,,
AM,BR068352026,IPEN - INSTITUTO DE PESQUISA DO NORTE,2026-05-17..2026-05-22,1200,ii-imprensa,N.C. DE SOUZA LTDA / BRASIL NORTE COMUNICACAO,2026-05-20,,
AM,BR009352026,VERITA,2026-05-22..2026-05-26,1220,ii-imprensa,INSTITUTO VERITA LTDA,2026-05-21,,
AM,BR018522026,COMUNIDADOS,2026-06-23..2026-06-25,1066,ii-imprensa,JENAV SEVICOS EMPRESARIAIS E COMERCIO DE PRODUTOS ALIMENTICIOS LTDA,2026-06-23,,
AM,BR056202026,DMP PESQUISA E EVENTOS,2026-07-01..2026-07-03,1200,ii-imprensa,REDE DE RADIO E TELEVISAO TIRADENTES LTDA,2026-06-26,,
AM,BR034392026,VERITA,2026-07-01..2026-07-05,1220,ii-imprensa,INSTITUTO VERITA LTDA,2026-06-30,,
AM,BR049562026,VERITA,2026-07-28..2026-08-01,1220,ii-imprensa,INSTITUTO VERITA LTDA,2026-07-27,,
AM,BR080202026,DMP PESQUISA E EVENTOS,2026-08-11..2026-08-14,2000,ii-imprensa,REDE DE RADIO E TELEVISAO TIRADENTES LTDA,2026-08-11,,
AP,BR007892026,REAL TIME BIG DATA,2026-02-07..2026-02-09,2000,i-p360-irma-integra,REAL TIME MIDIA LTDA,2026-02-04,,
AP,BR070042026,INSTITUTO PARANA DE PESQUISAS E ANALISE DE CONSUMIDOR LTDA,2026-03-12..2026-03-15,1220,ii-imprensa,INSTITUTO PARANA DE PESQUISAS E ANALISE DE CONSUMIDOR LTDA,2026-03-11,,
AP,BR019602026,VERITA,2026-03-18..2026-03-24,1030,i-p360-irma-integra,INSTITUTO VERITA LTDA,2026-04-01,,"curada em data/repairs.json (AP Veritá 18-24/03, AP-02183) — aguarda rebuild do polls.json"
AP,BR030382026,DOXA,2026-03-26..2026-03-30,1064,ii-imprensa,DOXA ARTE & COMUNICAO S/S LTDA,2026-03-25,,
AP,BR063602026,VERITA,2026-05-27..2026-05-31,1030,ii-imprensa,INSTITUTO VERITA LTDA,2026-05-26,,
AP,BR047792026,VERITA,2026-07-01..2026-07-05,1030,ii-imprensa,INSTITUTO VERITA LTDA,2026-06-30,,
AP,BR017152026,VERITA,2026-07-28..2026-08-01,1030,i-p360-irma-integra,INSTITUTO VERITA LTDA,2026-07-27,,
AP,BR001362026,AMERICAN ANALYTICS,2026-08-10..2026-08-14,1000,ii-imprensa,TIMES BRASIL MEDIA LTDA,2026-08-10,,
BA,BR043202026,SECULUS CONSULTORIA E ASSESSORIA LTDA,2026-02-25..2026-02-27,1535,ii-imprensa,S2R COMUNICACAO LTDA / BAHIA NOTICIAS,2026-02-26,,
BA,BR079462026,REAL TIME BIG DATA,2026-03-10..2026-03-11,2000,ii-imprensa,REAL TIME MIDIA LTDA,2026-03-06,,
BA,BR083852026,VERITA,2026-03-18..2026-03-24,2020,ii-imprensa,INSTITUTO VERITA LTDA,2026-03-23,,
BA,BR031352026,100 CIDADES,2026-04-14..2026-04-16,1000,ii-imprensa,FUTURA CONSULTORIA E ASSESSORIA LTDA / FUTURA,2026-04-27,,
BA,BR006952026,IPSENSUS PESQUISAS,2026-05-09..2026-05-13,1500,ii-imprensa,LAIS CRISTINA RODRIGUES DE OLIVEIRA LTDA,2026-05-08,,
BA,BR095702026,INSTITUTO PARANA DE PESQUISAS E ANALISE DE CONSUMIDOR LTDA,2026-05-10..2026-05-12,1510,ii-imprensa,S2R COMUNICACAO LTDA / BAHIA NOTICIAS,2026-05-07,,
BA,BR027852026,VERITA,2026-05-22..2026-05-26,2020,ii-imprensa,INSTITUTO VERITA LTDA,2026-05-23,,
BA,BR028972026,DATATRENDS,2026-06-07..2026-06-09,1200,ii-imprensa,INSTITUTO DATATRENDS LTDA,2026-06-05,,
BA,BR058562026,"QUAEST PESQUISAS, CONSULTORIA E PROJETOS LTDA.",2026-07-23..2026-07-27,1200,i-p360-uf,BANCO GENIAL S.A.,2026-07-23,https://www.poder360.com.br/poder-eleicoes-2026/lula-lidera-no-1o-turno-e-em-todos-os-cenarios-de-2o-turno-na-bahia/,
BA,BR052052026,REAL TIME BIG DATA,2026-08-06..2026-08-10,1600,i-p360-uf,REAL TIME MIDIA LTDA,2026-08-05,https://www.poder360.com.br/poder-eleicoes/lula-lidera-cenarios-de-1o-e-2o-turno-na-bahia-diz-pesquisa/,
CE,BR050682026,DATAFOLHA INSTITUTO DE PESQUISAS LTDA.,2026-03-16..2026-03-18,816,i-p360-irma-integra,EMPRESA JORNALISTICA O POVO S A / JORNAL O POVO,2026-03-17,,
CE,BR035832026,VERITA,2026-03-18..2026-03-24,1525,ii-imprensa,INSTITUTO VERITA LTDA,2026-03-23,,
CE,BR053762026,IPEC,2026-03-19..2026-03-25,800,ii-imprensa,RADIO COSTA DO SOL LTDA,2026-03-19,,
CE,BR005202026,ATLASINTEL,2026-03-25..2026-03-30,1200,ii-imprensa,ATLASINTEL TECNOLOGIA DE DADOS LTDA,2026-03-25,,
CE,BR062762026,REAL TIME BIG DATA,2026-03-27..2026-03-28,1600,ii-imprensa,REAL TIME MIDIA LTDA,2026-03-24,,
CE,BR035492026,INSTITUTO PARANA DE PESQUISAS E ANALISE DE CONSUMIDOR LTDA,2026-03-27..2026-03-30,1500,ii-imprensa,DON7 MEDIA LTDA / DON7 MEDIA,2026-03-26,,
CE,BR035942026,100 CIDADES,2026-03-30..2026-04-01,1000,ii-imprensa,TELEFOX AGENCIA DE NOTICIAS E TELECOMUNICACOES LTDA / GRUPO TELEFOX E EDITORA DE COMUNICACOES,2026-03-31,,
CE,BR057332026,OPNUS,2026-05-17..2026-05-20,1100,ii-imprensa,"OPNUS ESTRATEGIA, PESQUISA DE OPINIAO E MERCADO EIRELI",2026-05-15,,
CE,BR098432026,VERITA,2026-05-22..2026-05-26,1525,ii-imprensa,INSTITUTO VERITA LTDA,2026-05-21,,
CE,BR009622026,IPEC,2026-05-28..2026-06-03,800,ii-imprensa,RADIO COSTA DO SOL LTDA,2026-05-28,,
CE,BR032682026,DATATRENDS,2026-06-23..2026-06-25,1200,ii-imprensa,INSTITUTO DATATRENDS LTDA,2026-06-22,,
CE,BR031482026,REAL TIME BIG DATA,2026-07-13..2026-07-14,1600,i-p360-uf,REAL TIME MIDIA LTDA,2026-07-09,,
CE,BR083142026,ATLASINTEL,2026-08-06..2026-08-11,1800,i-p360-irma-integra,FOCUS COMUNICACAO E MIDIA LTDA,2026-08-06,,
CE,BR009942026,DATAFOLHA INSTITUTO DE PESQUISAS LTDA.,2026-08-10..2026-08-13,1022,ii-imprensa,EMPRESA JORNALISTICA O POVO S A / JORNAL O POVO,2026-08-07,,protocolo aparece no banco anexado a governador:AL — checar
DF,BR030932026,VERITA,2026-03-13..2026-03-19,1220,ii-imprensa,INSTITUTO VERITA LTDA,2026-03-23,,
DF,BR048902026,CEPPHOR,2026-04-04..2026-04-05,400,ii-imprensa,CENTRO DE ESTUDOS E PESQUISAS POLITICAS HISTORICAS E DE ORGANIZACOES (CEPPHOR),2026-04-02,,
DF,BR031452026,INSTITUTO PHOENIX & ASSOCIADOS,2026-05-03..2026-05-06,1203,ii-imprensa,FRANCO & RODRIGUES COMUNICACAO SOCIAL  E EMPREENDIMENTOS LTDA / JORNAL CORREIO CONTINENTAL RO,2026-05-01,,
DF,BR010742026,VERITA,2026-05-22..2026-05-26,1220,ii-imprensa,INSTITUTO VERITA LTDA,2026-05-21,,
DF,BR010302026,VERITA,2026-07-07..2026-07-11,1220,ii-imprensa,INSTITUTO VERITA LTDA,2026-07-06,,
DF,BR082462026,BADRA COMUNICACAO,2026-07-29..2026-07-31,1060,i-p360-uf,BADRA COMUNICACAO LTDA,2026-07-28,,
DF,BR010782026,INSTITUTO PHOENIX & ASSOCIADOS,2026-08-04..2026-08-07,1311,ii-imprensa,FRANCO & RODRIGUES COMUNICACAO SOCIAL  E EMPREENDIMENTOS LTDA / JORNAL CORREIO CONTINENTAL RO,2026-08-03,,
ES,BR060872026,INSTITUTO PARANA DE PESQUISAS E ANALISE DE CONSUMIDOR LTDA,2026-03-08..2026-03-11,1500,ii-imprensa,INSTITUTO PARANA DE PESQUISAS E ANALISE DE CONSUMIDOR LTDA,2026-03-07,,
ES,BR090112026,REAL TIME BIG DATA,2026-03-13..2026-03-14,2000,i-p360-irma-integra,REAL TIME MIDIA LTDA,2026-03-10,,
ES,BR095542026,VERITA,2026-03-18..2026-03-24,1220,ii-imprensa,INSTITUTO VERITA LTDA,2026-03-23,,
ES,BR089052026,INSTITUTO DE PESQUISAS PERFIL LTDA,2026-04-13..2026-04-16,1800,ii-imprensa,BDC COMUNICACOES LTDA,2026-04-11,,
ES,BR088162026,"QUAEST PESQUISAS, CONSULTORIA E PROJETOS LTDA.",2026-04-25..2026-04-28,804,i-p360-irma,A GAZETA DO ESPIRITO SANTO RADIO E TV LTDA / TV GAZETA,2026-04-24,,
ES,BR060372026,INSTITUTO DE PESQUISAS PERFIL LTDA,2026-05-11..2026-05-13,604,ii-imprensa,BDC COMUNICACOES LTDA,2026-05-09,,
ES,BR088312026,VERITA,2026-05-22..2026-05-26,1220,ii-imprensa,INSTITUTO VERITA LTDA,2026-05-21,,
ES,BR057602026,INSTITUTO DE PESQUISAS PERFIL LTDA,2026-06-08..2026-06-13,1800,ii-imprensa,BDC COMUNICACOES LTDA,2026-06-08,,
ES,BR076502026,INSTITUTO FRANCA DE PESQUISA PESQUISA E ASSESSORIA,2026-07-01..2026-07-07,1066,ii-imprensa,INSTITUTO FRANCA DE PESQUISAS LTDA,2026-07-03,,
ES,BR010272026,VERITA,2026-07-09..2026-07-13,1220,ii-imprensa,INSTITUTO VERITA LTDA,2026-07-08,,
ES,BR038192026,INSTITUTO DE PESQUISAS PERFIL LTDA,2026-07-13..2026-07-16,1800,ii-imprensa,BDC COMUNICACOES LTDA,2026-07-12,,
ES,BR012102026,INSTITUTO DE PESQUISAS PERFIL LTDA,2026-07-29..2026-07-31,600,ii-imprensa,INSTITUTO DE PESQUISAS PERFIL LTDA,2026-07-27,,
GO,BR074952026,IGAPE- INSTITUTO GAZETA DE PEQUISAS,2026-03-03..2026-03-06,1200,ii-imprensa,TV ATUAL LTDA / TV ATUAL RECORD NEWS,2026-03-06,,
GO,BR088332026,REAL TIME BIG DATA,2026-03-16..2026-03-17,1500,ii-imprensa,REAL TIME MIDIA LTDA,2026-03-12,,
GO,BR058302026,VERITA,2026-03-21..2026-03-25,1525,ii-imprensa,INSTITUTO VERITA LTDA,2026-03-23,,
GO,BR091102026,INSTITUTO PARANA DE PESQUISAS E ANALISE DE CONSUMIDOR LTDA,2026-03-28..2026-03-31,1300,ii-imprensa,OPCAO NOTICIAS LTDA,2026-03-27,,
GO,BR053252026,DATA RD,2026-05-27..2026-05-29,1509,ii-imprensa,PAPO ABERTO SERVICOS DE COMUNICACAO LTDA / PAPO ABERTO,2026-05-27,,
GO,BR084892026,VERITA,2026-06-02..2026-06-06,1525,ii-imprensa,INSTITUTO VERITA LTDA,2026-06-02,,
GO,BR039692026,DIAGNOSTICO PESQUISAS DE COMPORTAMENTO,2026-06-15..2026-06-18,1100,ii-imprensa,"ASSOCIACAO COMERCIAL, INDUSTRIAL E DE SERVICOS DO ESTADO DE GOIAS",2026-06-16,,
GO,BR009562026,IGAPE- INSTITUTO GAZETA DE PEQUISAS,2026-06-26..2026-07-02,3000,ii-imprensa,TV ATUAL LTDA / TV ATUAL,2026-06-27,,
GO,BR049392026,DATA RD,2026-07-07..2026-07-09,1509,ii-imprensa,CONECTA PRO SOLUCOES INTELIGENTES LTDA,2026-07-06,,
GO,BR078342026,VERITA,2026-07-12..2026-07-16,1525,ii-imprensa,INSTITUTO VERITA LTDA,2026-07-11,,
GO,BR000642026,INSTITUTO MAIS,2026-07-15..2026-07-20,1200,ii-imprensa,ASSOCIACAO DAS EMPRESAS DE ENGENHARIA E LIMPEZA URBANA DO BRASIL / ALUBRAS,2026-07-15,,
GO,BR031212026,KLIK,2026-07-30..2026-08-04,1200,ii-imprensa,TRANSMISSAO POLITICA LTDA / TRANSMISSAO POLITICA,2026-07-30,,
MA,BR005742026,INSTITUTO PARANA DE PESQUISAS E ANALISE DE CONSUMIDOR LTDA,2026-03-05..2026-03-08,1300,i-p360-irma-integra,INSTITUTO PARANA DE PESQUISAS E ANALISE DE CONSUMIDOR LTDA,2026-03-04,,
MA,BR015642026,ECONOMETRICA PESQUISA,2026-03-18..2026-03-21,1556,ii-imprensa,H M BOGEA E CIA LTDA / JORNAL PEQUENO,2026-03-25,,
MA,BR066382026,VERITA,2026-03-18..2026-03-24,1525,ii-imprensa,INSTITUTO VERITA LTDA,2026-03-23,,"curada em data/repairs.json (MA Veritá 18-24/03, MA-03916) — aguarda rebuild"
MA,BR071922026,ATLASINTEL,2026-05-08..2026-05-13,1200,ii-imprensa,ATLASINTEL TECNOLOGIA DE DADOS LTDA,2026-05-08,,
MA,BR052272026,ECONOMETRICA PESQUISA,2026-05-11..2026-05-14,1607,ii-imprensa,EMPRESA PACOTILHA S.A. / O IMPARCIAL,2026-05-18,,
MA,BR004002026,VERITA,2026-05-27..2026-05-31,1525,ii-imprensa,INSTITUTO VERITA LTDA,2026-05-26,,
MA,BR024112026,VERITAS PLANEJAMENTO,2026-07-17..2026-07-20,1000,ii-imprensa,CAFE QUENTE PRODUCOES LTDA,2026-07-16,,
MG,BR042392026,VIAVOX CONSULTORIA ADMINISTRATIVA E PESQUISAS DE OPINIAO LTDA,2026-03-05..2026-03-06,400,ii-imprensa,RAIMUNDO LUIZ VIEIRA DUTRA,2026-03-04,,
MG,BR013412026,DATA TEMPO LIMITADA,2026-03-14..2026-03-18,2000,ii-imprensa,SEMPRE EDITORA LTDA,2026-03-13,,
MG,BR050672026,100 CIDADES,2026-03-24..2026-03-27,1200,ii-imprensa,FUTURA CONSULTORIA E ASSESSORIA LTDA / FUTURA,2026-03-26,,
MG,BR014432026,VERITA,2026-03-24..2026-03-30,2030,ii-imprensa,INSTITUTO VERITA LTDA,2026-03-23,,
MG,BR056862026,ATLASINTEL,2026-03-25..2026-03-30,2200,ii-imprensa,ATLASINTEL TECNOLOGIA DE DADOS LTDA,2026-03-25,,
MG,BR054032026,VERITA,2026-05-27..2026-05-31,2030,ii-imprensa,INSTITUTO VERITA LTDA,2026-05-26,,
MG,BR074792026,DATA TEMPO LIMITADA,2026-06-12..2026-06-15,1000,ii-imprensa,SEMPRE EDITORA LTDA,2026-06-18,,
MG,BR065502026,IPSENSUS PESQUISAS,2026-08-01..2026-08-02,400,ii-imprensa,HALYSSON JOAREZ REZENDE 99263319634,2026-07-31,,
MS,BR053592026,RANKING BRASIL INTELIGENCIA,2026-03-01..2026-03-06,2000,ii-imprensa,RADIO FM D A LTDA / RADIO FM D.A.,2026-02-28,,
MS,BR029952026,INSTITUTO DE PESQUISA RESULTADO IPR,2026-03-05..2026-03-09,784,ii-imprensa,CORREIO DO ESTADO LTDA,2026-03-05,,
MS,BR069042026,NOVO IBRAPE,2026-03-24..2026-03-29,1000,ii-imprensa,CAMPO GRANDE NOTICIAS LTDA / CAMPO GRANDE NEWS LTDA,2026-03-24,,
MS,BR045942026,VERITA,2026-03-24..2026-03-30,1220,ii-imprensa,INSTITUTO VERITA LTDA,2026-03-23,,
MS,BR040892026,RANKING BRASIL INTELIGENCIA,2026-04-05..2026-04-10,2000,ii-imprensa,RADIO FM D A LTDA / RADIO FM D.A.,2026-04-04,,
MS,BR092822026,VERITA,2026-04-14..2026-04-18,1220,ii-imprensa,INSTITUTO VERITA LTDA,2026-04-13,,
MS,BR011652026,INSTITUTO DE PESQUISA RESULTADO IPR,2026-04-27..2026-05-01,784,ii-imprensa,CORREIO DO ESTADO LTDA,2026-04-27,,
MS,BR090222026,RANKING BRASIL INTELIGENCIA,2026-05-03..2026-05-07,2000,ii-imprensa,RADIO FM D A LTDA / RADIO FM D.A.,2026-05-02,,
MS,BR006152026,NOVO IBRAPE,2026-05-20..2026-05-25,1000,ii-imprensa,CAMPO GRANDE NOTICIAS LTDA / CAMPO GRANDE NEWS LTDA,2026-05-20,,
MS,BR075352026,INSTITUTO OPINIAO,2026-05-25..2026-05-27,1000,ii-imprensa,FEDERACAO DAS INDUSTRIAS DO ESTADO DE MATO GROSSO SUL,2026-05-24,,
MS,BR037682026,RANKING BRASIL INTELIGENCIA,2026-06-01..2026-06-05,2000,ii-imprensa,RADIO FM D A LTDA / RADIO FM D.A.,2026-05-30,,
MS,BR093962026,VERITA,2026-06-02..2026-06-06,1220,ii-imprensa,INSTITUTO VERITA LTDA,2026-06-01,,
MS,BR021092026,IPEMS INSTITUTO DE PESQUISAS DE MATO GROSSO DO SUL LTDA - ME,2026-06-05..2026-06-10,950,ii-imprensa,DRCOSTA'S JORNALISMO LTDA / JORNAL DE DOMINGO MS,2026-06-04,,
MS,BR005472026,INSTITUTO DE PESQUISA RESULTADO IPR,2026-06-09..2026-06-13,784,ii-imprensa,CORREIO DO ESTADO LTDA,2026-06-10,,
MS,BR044622026,VERITA,2026-06-16..2026-06-20,1220,ii-imprensa,INSTITUTO VERITA LTDA,2026-06-15,,
MS,BR093502026,RANKING BRASIL INTELIGENCIA,2026-06-29..2026-07-03,2000,ii-imprensa,RADIO FM D A LTDA / RADIO FM D.A.,2026-06-27,,
MS,BR059132026,NOVO IBRAPE,2026-07-25..2026-07-29,1000,i-p360-uf,CAMPO GRANDE NOTICIAS LTDA / CAMPO GRANDE NEWS LTDA,2026-07-25,,
MS,BR017842026,REAL TIME BIG DATA,2026-08-01..2026-08-05,1600,i-p360-uf,REAL TIME MIDIA LTDA,2026-07-31,,
MS,BR034932026,RANKING BRASIL INTELIGENCIA,2026-08-07..2026-08-12,2000,i-p360-uf,RADIO FM D A LTDA / RADIO FM D.A.,2026-08-07,,
MT,BR085432026,PERCENT PESQUISA DE MERCADO E OPINIAO,2026-02-09..2026-02-17,1200,ii-imprensa,PERCENT PESQUISA DE MERCADO E OPINIAO LTDA,2026-02-15,,
MT,BR095782026,VERITA,2026-03-18..2026-03-24,1220,ii-imprensa,INSTITUTO VERITA LTDA,2026-03-23,,
MT,BR007262026,PERCENT PESQUISA DE MERCADO E OPINIAO,2026-04-29..2026-05-03,1200,ii-imprensa,CBA TV ABERTA DE COMUNICACAO LTDA / O DOC COMUNICACAO,2026-04-28,,
MT,BR054992026,VERITA,2026-05-27..2026-05-31,1220,ii-imprensa,INSTITUTO VERITA LTDA,2026-05-26,,
MT,BR017032026,VERITA,2026-06-13..2026-06-17,1220,ii-imprensa,INSTITUTO VERITA LTDA,2026-06-12,,
MT,BR000492026,PERCENT PESQUISA DE MERCADO E OPINIAO,2026-06-18..2026-06-22,1200,ii-imprensa,CBA TV ABERTA DE COMUNICACAO LTDA / O DOC COMUNICACAO,2026-06-18,,
MT,BR016892026,PERCENT PESQUISA DE MERCADO E OPINIAO,2026-07-11..2026-07-14,500,ii-imprensa,MCS COMUNICACOES LTDA / PAINEL DIARIO,2026-07-17,,
MT,BR078782026,INSTITUTO MAIS,2026-07-21..2026-07-26,1200,i-p360-uf,EDINA RIBEIRO DE ARAUJO LTDA / MAIS COMUNICAO E MARKETING,2026-07-21,,
MT,BR087302026,NOVO IBRAPE,2026-07-29..2026-08-03,1000,ii-imprensa,RTV CIDADA SERVICO DE COMUNICACAO LTDA / REDE CIDADA SERVICOS DE COMUNICACAO,2026-07-29,,
MT,BR014952026,PERCENT PESQUISA DE MERCADO E OPINIAO,2026-08-07..2026-08-10,1200,ii-imprensa,CBA TV ABERTA DE COMUNICACAO LTDA / O DOC COMUNICACAO,2026-08-10,,
MT,BR068332026,REAL TIME BIG DATA,2026-08-07..2026-08-11,1600,i-p360-irma-integra,REAL TIME MIDIA LTDA,2026-08-06,,
PA,BR068152026,REAL TIME BIG DATA,2026-02-03..2026-02-04,2000,i-p360-uf,REAL TIME MIDIA LTDA,2026-01-30,,
PA,BR045672026,VERITA,2026-03-24..2026-03-30,1525,ii-imprensa,INSTITUTO VERITA LTDA,2026-03-23,,
PA,BR090552026,DOXA,2026-04-09..2026-04-14,2000,ii-imprensa,DDD91 LTDA / DDD91,2026-04-09,,
PA,BR057822026,VERITATE,2026-04-29..2026-05-03,1500,ii-imprensa,A R CAMPOS DE SOUZA / BLOG DO JK,2026-05-02,,
PA,BR059872026,DOXA,2026-05-09..2026-05-14,2000,ii-imprensa,DDD91 LTDA / DDD91,2026-05-09,,
PA,BR062872026,"BOAS IDEIAS, ESTRATEGIA E INTELIGENCIA DIGITAL.",2026-05-23..2026-05-27,1000,ii-imprensa,FUNDACAO BARCARENA DE COMUNICACAO E ASSISTENCIA SOCIAL / FBCAS,2026-05-22,,
PA,BR045352026,VERITA,2026-05-27..2026-05-31,1525,ii-imprensa,INSTITUTO VERITA LTDA,2026-05-29,,
PA,BR042432026,VERITA,2026-07-01..2026-07-05,1525,ii-imprensa,INSTITUTO VERITA LTDA,2026-06-30,,
PA,BR053232026,VERITATE,2026-07-02..2026-07-07,1400,ii-imprensa,A R CAMPOS DE SOUZA / BLOG DO JK,2026-07-03,,
PA,BR030032026,VERITA,2026-07-07..2026-07-11,1525,ii-imprensa,INSTITUTO VERITA LTDA,2026-07-06,,
PA,BR063452026,DOXA,2026-07-08..2026-07-12,2000,ii-imprensa,DOXA ARTE & COMUNICAO S/S LTDA,2026-07-09,,
PA,BR098852026,VERITA,2026-07-28..2026-08-01,1525,ii-imprensa,INSTITUTO VERITA LTDA,2026-07-28,,
PA,BR060052026,DOXA,2026-08-10..2026-08-15,2000,ii-imprensa,DOXA ARTE & COMUNICAO S/S LTDA,2026-08-10,,
PB,BR087612026,INSTITUTO SETA DE PESQUISA,2026-02-26..2026-02-28,1500,ii-imprensa,SETA INSTITUTO DE PESQUISA LTDA,2026-02-27,,
PB,BR096582026,ANOVA INSTITUTO DE PESQUISA,2026-03-19..2026-03-21,2000,i-p360-irma-integra,PB AGORA SERVICOS DE INTERNET E COMUNICACOES LTDA / PB AGORA,2026-03-20,,
PB,BR042752026,VERITA,2026-03-24..2026-03-30,1220,ii-imprensa,INSTITUTO VERITA LTDA,2026-03-23,,
PB,BR034912026,INSTITUTO SETA DE PESQUISA,2026-03-26..2026-03-28,1500,ii-imprensa,SETA INSTITUTO DE PESQUISA LTDA,2026-03-25,,
PB,BR003532026,INSTITUTO SETA DE PESQUISA,2026-04-29..2026-05-01,1500,ii-imprensa,SETA INSTITUTO DE PESQUISA LTDA,2026-04-28,,
PB,BR048462026,ANOVA INSTITUTO DE PESQUISA,2026-05-25..2026-05-27,2000,ii-imprensa,PB AGORA SERVICOS DE INTERNET E COMUNICACOES LTDA / PB AGORA,2026-05-24,,
PB,BR002092026,VERITA,2026-05-27..2026-05-31,1220,ii-imprensa,INSTITUTO VERITA LTDA,2026-05-26,,
PB,BR062592026,VERITA,2026-07-09..2026-07-13,1220,ii-imprensa,INSTITUTO VERITA LTDA,2026-07-08,,
PB,BR077732026,DATATRENDS,2026-07-27..2026-07-29,1200,i-p360-irma-integra,INSTITUTO DATATRENDS LTDA,2026-07-27,,
PB,BR094412026,INSTITUTO SETA DE PESQUISA,2026-08-05..2026-08-06,550,ii-imprensa,SETA INSTITUTO DE PESQUISA LTDA,2026-08-04,,
PB,BR079962026,INSTITUTO SETA DE PESQUISA,2026-08-06..2026-08-07,450,ii-imprensa,AY SERVICO DE AGENCIAMENTO E PORTAL DE NOTICIAS LTDA / AY MULTIMIDIAS,2026-08-05,,
PB,BR022282026,INSTITUTO SETA DE PESQUISA,2026-08-07..2026-08-08,450,ii-imprensa,AY SERVICO DE AGENCIAMENTO E PORTAL DE NOTICIAS LTDA / AY MULTIMIDIAS,2026-08-06,,
PB,BR006092026,INSTITUTO SETA DE PESQUISA,2026-08-08..2026-08-09,800,ii-imprensa,SETA INSTITUTO DE PESQUISA LTDA,2026-08-07,,
PE,BR002802026,REAL TIME BIG DATA,2026-02-09..2026-02-10,2000,i-p360-irma-integra,REAL TIME MIDIA LTDA,2026-02-05,,
PE,BR067802026,DATATRENDS,2026-02-23..2026-02-24,1200,ii-imprensa,INSTITUTO DATATRENDS LTDA,2026-02-22,,protocolo aparece no banco como presidente NACIONAL (state=None) — possível divergência de abrangência
PE,BR094462026,OPINIAO PESQUISAS SOCIAIS,2026-04-14..2026-04-17,2000,ii-imprensa,BLOG DO MAGNO MARTINS COMUNICACAO LTDA / BLOG DO MAGNO MARTINS,2026-04-13,,
PE,BR083372026,DATATRENDS,2026-04-30..2026-05-03,4000,ii-imprensa,INSTITUTO DATATRENDS LTDA,2026-04-30,,
PE,BR026022026,INSTITUTO DE PESQUISA MULTIPLA,2026-05-07..2026-05-08,300,ii-imprensa,ANDRE CAVALCANTE FALABELLA LTDA,2026-05-11,,
PE,BR004322026,INSTITUTO DE PESQUISA MULTIPLA,2026-05-16..2026-05-20,1070,ii-imprensa,ANDRE CAVALCANTE FALABELLA LTDA,2026-05-18,,
PE,BR042422026,DATAFOLHA INSTITUTO DE PESQUISAS LTDA.,2026-05-25..2026-05-27,1022,ii-imprensa,NASSAU EDITORA RADIO E TV LTDA - EM RECUPERACAO JUDICIAL,2026-05-22,,
PE,BR002112026,VERITA,2026-06-02..2026-06-06,2010,ii-imprensa,INSTITUTO VERITA LTDA,2026-06-01,,
PE,BR052702026,INSTITUTO CONECTA DE PESQUISA,2026-06-19..2026-06-22,2000,ii-imprensa,ALMEIDA E CAVALCANTI LTDA,2026-06-20,,
PE,BR018932026,OPINIAO PESQUISAS SOCIAIS,2026-07-01..2026-07-04,2000,ii-imprensa,BLOG DO MAGNO MARTINS COMUNICACAO LTDA / BLOG DO MAGNO MARTINS,2026-07-01,,
PE,BR054392026,INSTITUTO CONECTA DE PESQUISA,2026-07-08..2026-07-12,2000,ii-imprensa,ALMEIDA E CAVALCANTI LTDA,2026-07-07,,
PE,BR030702026,DATATRENDS,2026-07-20..2026-07-22,1200,ii-imprensa,INSTITUTO DATATRENDS LTDA,2026-07-19,,
PE,BR081332026,INSTITUTO FOCUS,2026-07-24..2026-07-25,400,ii-imprensa,SISTEMA DE COMUNICACAO VALE DO IPOJUCA LTDA / GRUPO VANGUARDA,2026-07-23,,
PE,BR032892026,BADRA COMUNICACAO,2026-07-24..2026-07-29,1500,i-p360-irma-integra,BADRA COMUNICACAO LTDA,2026-07-23,,
PE,BR083542026,REAL TIME BIG DATA,2026-07-27..2026-07-30,1600,i-p360-uf,REAL TIME MIDIA LTDA,2026-07-25,https://www.poder360.com.br/poder-eleicoes-2026/lula-lidera-no-1o-turno-e-em-cenario-de-2o-turno-em-pe/,
PE,BR039212026,OPINIAO PESQUISAS SOCIAIS,2026-08-06..2026-08-09,2000,ii-imprensa,BLOG DO MAGNO MARTINS COMUNICACAO LTDA / BLOG DO MAGNO MARTINS,2026-08-06,,
PE,BR042442026,INSTITUTO DE PESQUISA MULTIPLA,2026-08-08..2026-08-11,900,ii-imprensa,NIVALDO A. GALINDO FILHO / BLOG DO NII JUNIOR,2026-08-06,,
PE,BR099232026,DATATRENDS,2026-08-12..2026-08-14,1200,i-p360-irma-integra,INSTITUTO DATATRENDS LTDA,2026-08-11,,
PE,BR085922026,REAL TIME BIG DATA,2026-08-12..2026-08-15,1600,i-p360-irma-integra,REAL TIME MIDIA LTDA,2026-08-11,,
PE,BR005232026,BADRA COMUNICACAO,2026-08-12..2026-08-18,1500,ii-imprensa,BADRA COMUNICACAO LTDA,2026-08-11,,
PI,BR033752026,AMOSTRAGEM OPINIAO E MERCADO,2026-03-23..2026-03-27,1137,ii-imprensa,SISTEMA MEIO NORTE DE COMUNICACAO LTDA / MEIO NORTE,2026-03-27,,
PI,BR029122026,VERITA,2026-03-24..2026-03-30,1220,ii-imprensa,INSTITUTO VERITA LTDA,2026-03-23,,
PI,BR071202026,VETOR TECNOLOGIA E PESQUISAS,2026-03-28..2026-04-01,1775,ii-imprensa,"EMPRESA DE INFORMACOES, DIVULGACOES E NOTICIAS LTDA",2026-04-08,,
PI,BR044092026,INSTITUTO DIVULGA,2026-04-02..2026-04-03,302,ii-imprensa,WERICK AMERICA DOS SANTOS  LTDA / PORTAL TV AMERICA,2026-04-08,,
PI,BR007392026,INSTITUTO GP1 DE PESQUISA,2026-04-07..2026-04-10,1137,ii-imprensa,J C S HOLANDA  LTDA / JC COMUNICACAO,2026-04-07,,
PI,BR095922026,AMOSTRAGEM OPINIAO E MERCADO,2026-04-09..2026-04-13,1000,ii-imprensa,SISTEMA TIMON DE RADIODIFUSAO LTDA. / TV MEIO NORTE,2026-04-16,,
PI,BR034112026,AMOSTRAGEM OPINIAO E MERCADO,2026-04-10..2026-04-14,600,ii-imprensa,SISTEMA TIMON DE RADIODIFUSAO LTDA. / TV MEIO NORTE,2026-04-16,,
PI,BR036382026,VETOR TECNOLOGIA E PESQUISAS,2026-04-10..2026-04-15,1615,ii-imprensa,CONECTA PIAUI PRODUTORA E COMUNICACAO LTDA / CONECTA PIAUI PORTAL E PRODUTORA,2026-04-20,,
PI,BR058212026,MORAIS & DIAS INSTITUTO DE OPINI O P BLICA LTDA  - ME,2026-04-14..2026-04-16,312,ii-imprensa,ABIMAEL JOSE DO NASCIMENTO LIMA,2026-04-18,,
PI,BR079702026,AMOSTRAGEM OPINIAO E MERCADO,2026-04-15..2026-04-18,400,ii-imprensa,SISTEMA TIMON DE RADIODIFUSAO LTDA. / TV MEIO NORTE,2026-04-20,,
PI,BR078242026,AMOSTRAGEM OPINIAO E MERCADO,2026-04-15..2026-04-18,400,ii-imprensa,SISTEMA TIMON DE RADIODIFUSAO LTDA. / TV MEIO NORTE,2026-04-20,,
PI,BR003662026,AMOSTRAGEM OPINIAO E MERCADO,2026-04-16..2026-04-20,400,ii-imprensa,SISTEMA TIMON DE RADIODIFUSAO LTDA. / TV MEIO NORTE,2026-04-20,,
PI,BR035092026,INSTITUTO DE PESQUISA DATA AZ,2026-04-20..2026-04-25,800,ii-imprensa,JOSE DE ARIMATEIA AZEVEDO LTDA / PORTAL AZ,2026-04-22,,
PI,BR036582026,AMOSTRAGEM OPINIAO E MERCADO,2026-04-30..2026-05-03,400,ii-imprensa,SISTEMA TIMON DE RADIODIFUSAO LTDA. / TV MEIO NORTE,2026-05-04,,
PI,BR063302026,AMOSTRAGEM OPINIAO E MERCADO,2026-04-30..2026-05-03,400,ii-imprensa,SISTEMA TIMON DE RADIODIFUSAO LTDA. / TV MEIO NORTE,2026-05-04,,
PI,BR005752026,AMOSTRAGEM OPINIAO E MERCADO,2026-04-30..2026-05-04,400,ii-imprensa,SISTEMA TIMON DE RADIODIFUSAO LTDA. / TV MEIO NORTE,2026-05-04,,
PI,BR037722026,AMOSTRAGEM OPINIAO E MERCADO,2026-05-04..2026-05-06,400,ii-imprensa,SISTEMA TIMON DE RADIODIFUSAO LTDA. / TV MEIO NORTE,2026-05-15,,
PI,BR054362026,AMOSTRAGEM OPINIAO E MERCADO,2026-05-05..2026-05-08,400,ii-imprensa,SISTEMA TIMON DE RADIODIFUSAO LTDA. / TV MEIO NORTE,2026-05-15,,
PI,BR066462026,INSTITUTO DE PESQUISA DATA AZ,2026-05-07..2026-05-08,400,ii-imprensa,JOSE DE ARIMATEIA AZEVEDO LTDA / PORTAL AZ,2026-05-08,,
PI,BR089772026,DATA MAX,2026-05-11..2026-05-12,500,ii-imprensa,GRAFICA E EDITORA CULTURA DO SABER LTDA,2026-05-14,,
PI,BR092092026,VETOR TECNOLOGIA E PESQUISAS,2026-05-12..2026-05-16,1600,ii-imprensa,CONECTA PIAUI PRODUTORA E COMUNICACAO LTDA / CONECTA PIAUI PORTAL E PRODUTORA,2026-05-14,,
PI,BR070892026,INSTITUTO ESTIMATIVA,2026-05-16..2026-05-17,301,ii-imprensa,R10 COMUNICACAO LTDA / PORTAL R10,2026-05-18,,
PI,BR065402026,VERITA,2026-05-22..2026-05-26,1220,ii-imprensa,INSTITUTO VERITA LTDA,2026-05-21,,
PI,BR014282026,INSTITUTO DE PESQUISA DATA AZ,2026-05-28..2026-06-06,1200,ii-imprensa,JOSE DE ARIMATEIA AZEVEDO LTDA / PORTAL AZ,2026-06-09,,
PI,BR002022026,AMOSTRAGEM OPINIAO E MERCADO,2026-06-04..2026-06-07,300,ii-imprensa,FUNDACAO 14 DE AGOSTO / TV COSTA NORTE,2026-06-10,,
PI,BR038402026,AMOSTRAGEM OPINIAO E MERCADO,2026-06-12..2026-06-18,1137,ii-imprensa,SISTEMA TIMON DE RADIODIFUSAO LTDA. / TV MEIO NORTE,2026-06-22,,
PI,BR038332026,VETOR TECNOLOGIA E PESQUISAS,2026-06-17..2026-06-24,1600,ii-imprensa,CONECTA PIAUI PRODUTORA E COMUNICACAO LTDA / CONECTA PIAUI PORTAL E PRODUTORA,2026-06-23,,
PI,BR042452026,INSTITUTO IDEALIZE,2026-07-03..2026-07-04,403,ii-imprensa,JOSE DIAMANTINO DELMONDES,2026-07-16,,
PI,BR086942026,VERITA,2026-07-07..2026-07-11,1220,ii-imprensa,INSTITUTO VERITA LTDA,2026-07-06,,
PI,BR093302026,AMOSTRAGEM OPINIAO E MERCADO,2026-07-07..2026-07-12,1137,ii-imprensa,SISTEMA TIMON DE RADIODIFUSAO LTDA. / TV MEIO NORTE,2026-07-13,,
PI,BR007732026,REAL TIME BIG DATA,2026-07-11..2026-07-13,1600,i-p360-uf,REAL TIME MIDIA LTDA,2026-07-08,https://www.poder360.com.br/poder-eleicoes/lula-tem-67-contra-24-de-flavio-no-2o-turno-no-piaui-diz-pesquisa/,
PI,BR018942026,VETOR TECNOLOGIA E PESQUISAS,2026-07-28..2026-08-02,1602,i-p360-uf,CONECTA PIAUI PRODUTORA E COMUNICACAO LTDA / CONECTA PIAUI PORTAL E PRODUTORA,2026-07-31,,
PI,BR006622026,AMOSTRAGEM OPINIAO E MERCADO,2026-08-04..2026-08-08,1700,ii-imprensa,SISTEMA TIMON DE RADIODIFUSAO LTDA. / TV MEIO NORTE,2026-08-10,,
PI,BR098032026,INSTITUTO GP1 DE PESQUISA,2026-08-11..2026-08-13,1200,ii-imprensa,J C S HOLANDA  LTDA / JC COMUNICACAO,2026-08-11,,
PR,BR037782026,INSTITUTO PARANA DE PESQUISAS E ANALISE DE CONSUMIDOR LTDA,2026-03-01..2026-03-04,1500,ii-imprensa,PARTIDO LIBERAL (PL) / PARTIDO LIBERAL,2026-02-28,,
PR,BR005072026,NEOKEMP PESQUISAS,2026-03-18..2026-03-20,1008,ii-imprensa,UNIAO BRASIL - PARANA - PR - ESTADUAL / UNIAO BRASIL - PARANA - PR - ESTADUAL,2026-03-17,,
PR,BR086112026,VERITA,2026-03-24..2026-03-30,2010,ii-imprensa,INSTITUTO VERITA LTDA,2026-03-23,,
PR,BR053152026,ATLASINTEL,2026-03-25..2026-03-30,1200,ii-imprensa,ATLASINTEL TECNOLOGIA DE DADOS LTDA,2026-03-25,,
PR,BR018682026,PARLA MENTORS CONSULTORIA,2026-04-16..2026-04-18,400,ii-imprensa,J E FERREIRA / TVM TELECOM,2026-04-16,,
PR,BR002572026,NEOKEMP PESQUISAS,2026-04-27..2026-04-29,1008,ii-imprensa,REDE PARANA NOTICIAS LTDA / A REDE,2026-04-23,,
PR,BR043152026,INSTITUTO PARANA DE PESQUISAS E ANALISE DE CONSUMIDOR LTDA,2026-05-08..2026-05-10,1500,ii-imprensa,PARTIDO LIBERAL (PL) / PARTIDO LIBERAL,2026-05-05,,
PR,BR012472026,PARLA MENTORS CONSULTORIA,2026-05-13..2026-05-15,400,ii-imprensa,J E FERREIRA / TVM TELECOM,2026-05-10,,
PR,BR082972026,VERITA,2026-06-02..2026-06-06,2010,ii-imprensa,INSTITUTO VERITA LTDA,2026-06-02,,
PR,BR005582026,VERITA,2026-07-07..2026-07-11,2010,ii-imprensa,INSTITUTO VERITA LTDA,2026-07-06,,
PR,BR056782026,NEOKEMP PESQUISAS,2026-07-20..2026-07-22,1008,i-p360-uf,JORNAL O CORREIO DO POVO LTDA / JORNAL O CORREIO DO POVO,2026-07-16,,
PR,BR022492026,VERITA,2026-07-28..2026-08-01,2010,i-p360-uf,INSTITUTO VERITA LTDA,2026-07-27,,
PR,BR060482026,NEOKEMP PESQUISAS,2026-08-10..2026-08-12,1008,i-p360-irma-integra,JORNAL O CORREIO DO POVO LTDA / JORNAL O CORREIO DO POVO,2026-08-06,,
RJ,BR099312026,FACTUM COMUNICACAO,2026-03-16..2026-03-18,500,ii-imprensa,FACTUM COMUNICACAO LTDA,2026-03-14,,
RJ,BR011292026,VERITA,2026-03-29..2026-04-04,2030,ii-imprensa,INSTITUTO VERITA LTDA,2026-03-28,,
RJ,BR021392026,100 CIDADES,2026-04-22..2026-04-24,1000,ii-imprensa,FUTURA CONSULTORIA E ASSESSORIA LTDA / FUTURA,2026-04-27,,
RJ,BR040592026,VETOR ARROW INSTITUTO DE PESQUISA E OPINIAO LTDA,2026-05-07..2026-05-08,4729,ii-imprensa,VETOR ARROW INSTITUTO DE PESQUISA E OPINIAO LTDA,2026-05-07,,
RJ,BR075552026,INSTITUTO PARANA DE PESQUISAS E ANALISE DE CONSUMIDOR LTDA,2026-06-01..2026-06-03,1680,i-p360-irma-integra,INSTITUTO PARANA DE PESQUISAS E ANALISE DE CONSUMIDOR LTDA,2026-05-29,,
RJ,BR089082026,VERITA,2026-06-02..2026-06-06,2030,ii-imprensa,INSTITUTO VERITA LTDA,2026-06-01,,
RJ,BR076702026,"QUAEST PESQUISAS, CONSULTORIA E PROJETOS LTDA.",2026-07-21..2026-07-25,1200,i-p360-uf,BANCO GENIAL S.A.,2026-07-21,https://www.poder360.com.br/poder-eleicoes-2026/flavio-bolsonaro-e-lula-tem-empate-tecnico-no-rj-diz-quaest/,
RJ,BR064932026,INSTITUTO PARANA DE PESQUISAS E ANALISE DE CONSUMIDOR LTDA,2026-07-28..2026-07-30,1600,i-p360-irma-integra,INSTITUTO PARANA DE PESQUISAS E ANALISE DE CONSUMIDOR LTDA,2026-07-25,,
RN,BR011742026,INSTITUTO SETA DE PESQUISA,2026-03-07..2026-03-09,1500,ii-imprensa,SETA INSTITUTO DE PESQUISA LTDA,2026-03-14,,
RN,BR035332026,CONSULT PESQUISA,2026-03-15..2026-03-18,1700,ii-imprensa,EMPRESA JORNALISTICA TRIBUNA DO NORTE LTDA - EM RECUPERACAO JUDICIAL,2026-03-13,,
RN,BR054052026,QUALITTA EMPREENDIMENTOS,2026-03-22..2026-03-25,1200,ii-imprensa,TELEVISAO FUTURO E PRODUCOES LTDA / TELEVISAO FUTURO,2026-03-21,,
RN,BR087132026,AFFARE INSTITUTE,2026-03-23..2026-03-26,1500,ii-imprensa,O2 SOLUCOES LTDA / PLANOB SOLUCOES,2026-03-22,,
RN,BR093812026,MEDIA - INTELIGENCIA EM PESQUISA,2026-03-23..2026-03-26,-2000,ii-imprensa,POTENGI COMUNICACAO LTDA,2026-03-23,,
RN,BR027782026,METADATA,2026-03-27..2026-03-28,1000,ii-imprensa,FM NORDESTE LTDA. / FM NORDESTE,2026-03-26,,
RN,BR003622026,VERITA,2026-03-29..2026-04-04,1220,ii-imprensa,INSTITUTO VERITA LTDA,2026-03-28,,
RN,BR060092026,INSTITUTO SETA DE PESQUISA,2026-03-31..2026-04-02,1500,ii-imprensa,SETA INSTITUTO DE PESQUISA LTDA,2026-03-31,,
RN,BR089712026,AFFARE INSTITUTE,2026-04-07..2026-04-11,1500,ii-imprensa,O2 SOLUCOES LTDA / PLANOB SOLUCOES,2026-04-06,,
RN,BR019492026,EXATUS CONSULTORIA E PESQUISA,2026-04-14..2026-04-17,1518,ii-imprensa,A DE O VIANA EDITORA E COMUNICACAO LTDA / GRUPO AGORA RN,2026-04-22,,
RN,BR076872026,INSTITUTO DATASENSUS,2026-04-30..2026-05-02,800,ii-imprensa,RADIO RESISTENCIA DE MOSSORO LTDA,2026-04-27,,
RN,BR089142026,INSTITUTO SETA DE PESQUISA,2026-05-03..2026-05-05,1500,ii-imprensa,SETA INSTITUTO DE PESQUISA LTDA,2026-05-02,,
RN,BR047272026,METADATA,2026-05-07..2026-05-09,1550,ii-imprensa,FM NORDESTE LTDA. / FM NORDESTE,2026-05-05,,
RN,BR067132026,QUALITTA EMPREENDIMENTOS,2026-05-12..2026-05-14,1200,ii-imprensa,QUALITTA EMPREEDIMENTOS LTDA,2026-05-10,,
RN,BR038502026,AFFARE INSTITUTE,2026-05-16..2026-05-21,1500,ii-imprensa,RN NEGOCIOS EDITORA LTDA / NOVO JORNALISMO,2026-05-16,,
RN,BR042722026,ITEM PESQUISAS TECNICAS,2026-05-18..2026-05-22,1250,ii-imprensa,TV PONTA NEGRA LTDA,2026-05-23,,
RN,BR045502026,INSTITUTO DATA CENSUS POTIGUAR LTDA,2026-05-20..2026-05-23,2000,ii-imprensa,MEGA ASSESSORIA E COMUNICACAO LTDA / MEGA PORTAL RN,2026-05-19,,
RN,BR079092026,MEDIA - INTELIGENCIA EM PESQUISA,2026-05-21..2026-05-27,2000,ii-imprensa,POTENGI COMUNICACAO LTDA,2026-05-23,,
RN,BR018782026,INSTITUTO SETA DE PESQUISA,2026-05-26..2026-05-28,1500,ii-imprensa,SETA INSTITUTO DE PESQUISA LTDA,2026-05-25,,
RN,BR070452026,EXATUS CONSULTORIA E PESQUISA,2026-05-26..2026-05-29,1500,ii-imprensa,A DE O VIANA EDITORA E COMUNICACAO LTDA / GRUPO AGORA RN,2026-05-29,,
RN,BR003452026,VERITA,2026-05-27..2026-05-31,1220,ii-imprensa,INSTITUTO VERITA LTDA,2026-05-26,,
RN,BR056712026,AGORASEI PESQUISA,2026-05-28..2026-05-31,1500,ii-imprensa,RADIO NATAL REIS MAGOS LTDA,2026-05-26,,
RN,BR015762026,METADATA,2026-06-12..2026-06-14,1550,ii-imprensa,METADATA SOLUCOES INTELIGENTES LTDA,2026-06-10,,
RN,BR007382026,INSTITUTO SETA DE PESQUISA,2026-06-15..2026-06-17,1500,ii-imprensa,SETA INSTITUTO DE PESQUISA LTDA,2026-06-14,,
RN,BR082162026,ITEM PESQUISAS TECNICAS,2026-06-22..2026-06-24,1250,ii-imprensa,TV PONTA NEGRA LTDA,2026-06-20,,
RN,BR031382026,INSTITUTO DATA CENSUS POTIGUAR LTDA,2026-06-25..2026-06-29,2000,ii-imprensa,MEGA ASSESSORIA E COMUNICACAO LTDA / MEGA PORTAL RN,2026-06-23,,
RN,BR060262026,AFFARE INSTITUTE,2026-06-26..2026-07-01,1500,ii-imprensa,RN NEGOCIOS EDITORA LTDA / NOVO JORNALISMO,2026-06-27,,
RN,BR016262026,CONSULT PESQUISA,2026-07-03..2026-07-05,1700,ii-imprensa,EMPRESA JORNALISTICA TRIBUNA DO NORTE LTDA - EM RECUPERACAO JUDICIAL,2026-07-03,,
RN,BR088212026,INSTITUTO SETA DE PESQUISA,2026-07-04..2026-07-06,1500,ii-imprensa,SETA INSTITUTO DE PESQUISA LTDA,2026-07-03,,
RN,BR051212026,DATAVERO INSTITUTO DE PESQUISAS,2026-07-09..2026-07-11,1500,ii-imprensa,DATAVERO PESQUISA E CONSULTORIA LTDA,2026-07-08,,
RN,BR013182026,PARLA MENTORS CONSULTORIA,2026-07-14..2026-07-19,1500,ii-imprensa,PARLA MENTORS CONSULTORIA LTDA,2026-07-14,,
RN,BR075862026,PARLA MENTORS CONSULTORIA,2026-07-14..2026-07-19,1500,ii-imprensa,J E FERREIRA / TVM TELECOM,2026-07-15,,
RN,BR011682026,INSTITUTO DATA CENSUS POTIGUAR LTDA,2026-07-15..2026-07-19,2000,ii-imprensa,MEGA ASSESSORIA E COMUNICACAO LTDA / MEGA PORTAL RN,2026-07-14,,
RN,BR031772026,QUALITTA EMPREENDIMENTOS,2026-07-17..2026-07-21,1200,ii-imprensa,QUALITTA EMPREEDIMENTOS LTDA,2026-07-16,,
RN,BR019792026,ITEM PESQUISAS TECNICAS,2026-07-19..2026-07-22,1250,i-p360-irma-integra,TV PONTA NEGRA LTDA,2026-07-17,,
RN,BR067512026,TS2 SOLUCOES,2026-07-22..2026-07-27,1800,i-p360-uf,SISTEMA OESTE DE COMUNICACAO LTDA / TCM TV CABO MOSSORO,2026-07-21,,
RN,BR052252026,PERFIL PESQUISAS TECNICAS,2026-07-23..2026-07-26,1600,i-p360-uf,BG MIDIAS E ASSESSORIA DIGITAL LTDA / BG MIDIAS,2026-07-23,,
RN,BR089512026,AGORASEI PESQUISA,2026-08-02..2026-08-05,1500,ii-imprensa,AGORASEI PESQUISA LTDA,2026-08-05,,
RN,BR057362026,METADATA,2026-08-06..2026-08-08,1536,ii-imprensa,METADATA SOLUCOES INTELIGENTES LTDA,2026-08-04,,
RN,BR077012026,INSTITUTO SETA DE PESQUISA,2026-08-07..2026-08-09,1500,ii-imprensa,SETA INSTITUTO DE PESQUISA LTDA,2026-08-06,,
RN,BR093462026,INSTITUTO DATA CENSUS POTIGUAR LTDA,2026-08-08..2026-08-10,500,ii-imprensa,GISELLE MURIELLE QUEIROZ DE AZEVEDO,2026-08-10,,
RN,BR053372026,DATAVERO INSTITUTO DE PESQUISAS,2026-08-10..2026-08-12,1500,ii-imprensa,DATAVERO PESQUISA E CONSULTORIA LTDA,2026-08-08,,
RN,BR078402026,INSTITUTO DATA CENSUS POTIGUAR LTDA,2026-08-10..2026-08-13,2000,ii-imprensa,MEGA ASSESSORIA E COMUNICACAO LTDA / MEGA PORTAL RN,2026-08-07,,
RN,BR086952026,ITEM PESQUISAS TECNICAS,2026-08-10..2026-08-14,1250,ii-imprensa,RADIO DIFUSORA DE MOSSORO SA / RADIO DIFUSORA,2026-08-09,,
RO,BR029212026,INSTITUTO PHOENIX & ASSOCIADOS,2026-02-25..2026-02-28,1200,ii-imprensa,FRANCO & RODRIGUES COMUNICACAO SOCIAL  E EMPREENDIMENTOS LTDA / JORNAL CORREIO CONTINENTAL RO,2026-02-25,,
RO,BR096922026,VERITA,2026-03-13..2026-03-19,1220,ii-imprensa,INSTITUTO VERITA LTDA,2026-03-23,,
RO,BR074272026,INSTITUTO PHOENIX & ASSOCIADOS,2026-04-13..2026-04-17,1355,ii-imprensa,FRANCO & RODRIGUES COMUNICACAO SOCIAL  E EMPREENDIMENTOS LTDA / JORNAL CORREIO CONTINENTAL RO,2026-04-10,,
RO,BR091712026,PERFIL PESQUISAS,2026-04-22..2026-04-28,1068,ii-imprensa,INSTITUTO NOVO PERFIL PESQUISAS LTDA,2026-04-22,,
RO,BR012552026,INSTITUTO AMAZONIA DE PESQUISA - IAP,2026-05-19..2026-05-23,1600,ii-imprensa,C. GOMES MARKETING,2026-05-17,,
RO,BR043282026,PERFIL PESQUISAS,2026-05-29..2026-06-03,1480,ii-imprensa,JACIMAR SERVICOS DE COMUNICACOES LTDA / ANTENA FM,2026-06-01,,
RO,BR055202026,VERITA,2026-06-02..2026-06-06,1220,ii-imprensa,INSTITUTO VERITA LTDA,2026-06-01,,
RO,BR064722026,INSTITUTO PHOENIX & ASSOCIADOS,2026-06-08..2026-06-11,1301,ii-imprensa,FRANCO & RODRIGUES COMUNICACAO SOCIAL  E EMPREENDIMENTOS LTDA / JORNAL CORREIO CONTINENTAL RO,2026-06-08,,
RO,BR006552026,VERITA,2026-06-16..2026-06-20,1220,ii-imprensa,INSTITUTO VERITA LTDA,2026-06-15,,
RO,BR054082026,INSTITUTO PHOENIX & ASSOCIADOS,2026-07-11..2026-07-14,1011,ii-imprensa,FRANCO & RODRIGUES COMUNICACAO SOCIAL  E EMPREENDIMENTOS LTDA / JORNAL CORREIO CONTINENTAL RO,2026-07-10,,
RR,BR014692026,VERITA,2026-03-29..2026-04-04,1030,ii-imprensa,INSTITUTO VERITA LTDA,2026-03-28,,"curada em data/repairs.json (RR Veritá 29/03-04/04, 8 cenários) — aguarda rebuild"
RR,BR027962026,VERITA,2026-06-02..2026-06-06,1030,ii-imprensa,INSTITUTO VERITA LTDA,2026-06-01,,
RR,BR073972026,VERITA,2026-06-16..2026-06-20,1030,ii-imprensa,INSTITUTO VERITA LTDA,2026-06-15,,
RS,BR081812026,100 CIDADES,2026-02-07..2026-02-09,800,ii-imprensa,FUTURA CONSULTORIA E ASSESSORIA LTDA / FUTURA,2026-02-05,,
RS,BR046652026,REAL TIME BIG DATA,2026-03-14..2026-03-16,1500,ii-imprensa,REAL TIME MIDIA LTDA,2026-03-11,,
RS,BR058232026,VERITAS PLANEJAMENTO,2026-03-26..2026-03-28,1000,ii-imprensa,VERITAS PLANEJAMENTO E ASSESSORIA LTDA,2026-03-25,,
RS,BR034612026,VERITA,2026-03-29..2026-04-04,2020,ii-imprensa,INSTITUTO VERITA LTDA,2026-03-28,,
RS,BR078732026,100 CIDADES,2026-04-01..2026-04-06,800,ii-imprensa,FUTURA CONSULTORIA E ASSESSORIA LTDA / FUTURA,2026-04-04,,
RS,BR026972026,BRASMARKET,2026-04-17..2026-04-21,1200,ii-imprensa,PORTO ALEGRE SERVICOS DIGITAIS LTDA / PORTO ALEGRE DIGITAL,2026-04-16,,
RS,BR040702026,VERITA,2026-05-27..2026-05-31,2020,ii-imprensa,INSTITUTO VERITA LTDA,2026-05-26,,
RS,BR027612026,BRASMARKET,2026-06-01..2026-06-03,1200,ii-imprensa,PORTO ALEGRE SERVICOS DIGITAIS LTDA / PORTO ALEGRE DIGITAL,2026-05-30,,
RS,BR004092026,BRASMARKET,2026-07-01..2026-07-03,1200,ii-imprensa,PORTO ALEGRE SERVICOS DIGITAIS LTDA / PORTO ALEGRE DIGITAL,2026-06-30,,
RS,BR054952026,VERITA,2026-07-07..2026-07-11,2020,ii-imprensa,INSTITUTO VERITA LTDA,2026-07-06,,
RS,BR051822026,IGAPE INSTITUTO GAUCHO DE PESQUISAS DE OPINIAO,2026-07-14..2026-07-17,1200,ii-imprensa,EVA FRANCIELI DE SOUZA PEREIRA,2026-07-14,,
SC,BR023362026,MAPA MARKETING E PARTICIPACOES LTDA,2026-02-26..2026-03-03,1008,ii-imprensa,"RADIO CANOINHAS LTDA / JOVEM PAN FLORIPA 101,7 FM E JOVEM PAN NEWS 103,3 FM",2026-02-25,,
SC,BR016662026,ATLASINTEL,2026-03-25..2026-03-30,1200,ii-imprensa,ATLASINTEL TECNOLOGIA DE DADOS LTDA,2026-03-25,,
SC,BR017982026,VERITA,2026-03-29..2026-04-04,1525,ii-imprensa,INSTITUTO VERITA LTDA,2026-03-28,,
SC,BR069162026,NEOKEMP PESQUISAS,2026-05-04..2026-05-06,1008,ii-imprensa,JORNAL O CORREIO DO POVO LTDA / JORNAL O CORREIO DO POVO,2026-04-30,,
SC,BR098982026,VERITA,2026-05-27..2026-05-31,1525,ii-imprensa,INSTITUTO VERITA LTDA,2026-05-26,,
SC,BR042962026,MAPA MARKETING E PARTICIPACOES LTDA,2026-06-06..2026-06-12,1008,ii-imprensa,"RADIO CANOINHAS LTDA / JOVEM PAN FLORIPA 101,7 FM E JOVEM PAN NEWS 103,3 FM",2026-06-06,,
SC,BR067042026,NEOKEMP PESQUISAS,2026-06-15..2026-06-17,1008,ii-imprensa,JORNAL O CORREIO DO POVO LTDA / JORNAL O CORREIO DO POVO,2026-06-11,,
SC,BR095762026,IPC - INSTITUTO DE PESQUISA,2026-07-09..2026-07-13,1050,ii-imprensa,ASSOCIACAO CATARINENSE DE JORNAIS / ASSOCIACAO CATARINENSE DE JORNAIS,2026-07-08,,
SC,BR012252026,MAPA MARKETING E PARTICIPACOES LTDA,2026-07-17..2026-07-22,1008,ii-imprensa,"RADIO CANOINHAS LTDA / JOVEM PAN FLORIPA 101,7 FM E JOVEM PAN NEWS 103,3 FM",2026-07-17,,
SC,BR092282026,VISAO PESQUISAS DE OPINIAO LTDA,2026-08-03..2026-08-08,880,ii-imprensa,VISAO PESQUISAS DE OPINIAO LTDA,2026-08-01,,
SE,BR019052026,INSTITUTO FRANCA DE PESQUISA PESQUISA E ASSESSORIA,2026-03-16..2026-03-18,1224,ii-imprensa,INSTITUTO FRANCA DE PESQUISAS LTDA,2026-03-12,,
SE,BR019472026,ECM-PESQUISAS,2026-03-16..2026-03-20,1200,ii-imprensa,"ECM - EDICAO, COMUNICACAO & MARKETING LTDA",2026-03-13,,
SE,BR016372026,VERITA,2026-03-29..2026-04-04,1220,ii-imprensa,INSTITUTO VERITA LTDA,2026-03-28,,
SE,BR084552026,ECM-PESQUISAS,2026-03-30..2026-04-03,1200,ii-imprensa,"ECM - EDICAO, COMUNICACAO & MARKETING LTDA",2026-03-29,,
SE,BR044202026,INSTITUTO FRANCA DE PESQUISA PESQUISA E ASSESSORIA,2026-04-06..2026-04-08,1200,ii-imprensa,INSTITUTO FRANCA DE PESQUISAS LTDA,2026-04-03,,
SE,BR087952026,ECM-PESQUISAS,2026-05-12..2026-05-16,1200,ii-imprensa,"ECM - EDICAO, COMUNICACAO & MARKETING LTDA",2026-05-11,,
SE,BR020842026,ECM-PESQUISAS,2026-05-18..2026-05-22,1200,ii-imprensa,"ECM - EDICAO, COMUNICACAO & MARKETING LTDA",2026-05-17,,
SE,BR002822026,REAL TIME BIG DATA,2026-05-23..2026-05-25,1600,ii-imprensa,REAL TIME MIDIA LTDA,2026-05-20,,
SE,BR006682026,VERITA,2026-06-02..2026-06-06,1220,ii-imprensa,INSTITUTO VERITA LTDA,2026-06-01,,
SE,BR008792026,ECM-PESQUISAS,2026-06-04..2026-06-07,1200,ii-imprensa,"ECM - EDICAO, COMUNICACAO & MARKETING LTDA",2026-06-03,,
SE,BR032972026,INSTITUTO FRANCA DE PESQUISA PESQUISA E ASSESSORIA,2026-06-08..2026-06-11,711,ii-imprensa,INSTITUTO FRANCA DE PESQUISAS LTDA,2026-06-12,,
SE,BR017472026,VERITA,2026-06-16..2026-06-20,1220,ii-imprensa,INSTITUTO VERITA LTDA,2026-06-15,,
SE,BR071542026,ECM-PESQUISAS,2026-07-02..2026-07-06,1500,ii-imprensa,"ECM - EDICAO, COMUNICACAO & MARKETING LTDA",2026-07-02,,
SE,BR062362026,ECM-PESQUISAS,2026-07-11..2026-07-14,1500,ii-imprensa,REDE RIO FM LTDA / REDE RIO FM,2026-07-10,,
SE,BR039652026,ECM-PESQUISAS,2026-07-31..2026-08-03,1500,ii-imprensa,"ECM - EDICAO, COMUNICACAO & MARKETING LTDA",2026-07-30,,
SE,BR058082026,INSTITUTO FRANCA DE PESQUISA PESQUISA E ASSESSORIA,2026-08-10..2026-08-12,2400,ii-imprensa,RIBEIRO SERVICOS DE COMUNICACOES LTDA / TV LIVRE,2026-08-07,,
SP,BR071282026,BADRA COMUNICACAO,2026-01-27..2026-01-30,1500,ii-imprensa,BADRA COMUNICACAO LTDA,2026-01-31,,
SP,BR030862026,BADRA COMUNICACAO,2026-02-23..2026-02-27,3000,ii-imprensa,BADRA COMUNICACAO LTDA,2026-02-21,,
SP,BR067982026,DATAFOLHA INSTITUTO DE PESQUISAS LTDA.,2026-03-03..2026-03-05,1608,ii-imprensa,EMPRESA FOLHA DA MANHA S.A.,2026-02-27,,
SP,BR051742026,VERITA,2026-03-13..2026-03-19,3025,ii-imprensa,INSTITUTO VERITA LTDA,2026-03-23,,
SP,BR010792026,ATLASINTEL,2026-03-24..2026-03-29,2200,ii-imprensa,ATLASINTEL TECNOLOGIA DE DADOS LTDA,2026-03-24,,
SP,BR020522026,INSTITUTO VOX BRASIL OPINIAO E PESQUISAS LTDA,2026-05-08..2026-05-09,1200,ii-imprensa,INSTITUTO VOX BRASIL OPINIAO E PESQUISAS LTDA,2026-05-05,,
SP,BR021132026,IPSENSUS PESQUISAS,2026-05-09..2026-05-10,400,ii-imprensa,MATHEUS AUGUSTO ROCHA,2026-05-05,,
SP,BR081862026,VERITA,2026-05-22..2026-05-26,3025,ii-imprensa,INSTITUTO VERITA LTDA,2026-05-21,,
SP,BR051192026,BADRA COMUNICACAO,2026-05-28..2026-06-01,1500,ii-imprensa,BADRA COMUNICACAO LTDA,2026-05-27,,
SP,BR024482026,INSTITUTO VOX BRASIL OPINIAO E PESQUISAS LTDA,2026-06-10..2026-06-11,1100,ii-imprensa,INSTITUTO VOX BRASIL OPINIAO E PESQUISAS LTDA,2026-06-09,,
SP,BR041612026,VERITA,2026-07-01..2026-07-05,2000,ii-imprensa,INSTITUTO VERITA LTDA,2026-06-30,,
SP,BR032072026,IPPOP,2026-07-01..2026-07-10,1200,ii-imprensa,INSTITUTO PAULISTA DE PESQUISA E OPINIAO PUBLICA LTDA,2026-06-26,,
SP,BR059972026,100 CIDADES,2026-07-03..2026-07-06,1600,ii-imprensa,FUTURA CONSULTORIA E ASSESSORIA LTDA / FUTURA,2026-07-01,,
SP,BR018772026,GOVNET PESQUISA E TECNOLOGIA DA INFORMACAO LTDA,2026-07-12..2026-07-15,400,ii-imprensa,SAO CARLOS NO TOQUE LTDA / SAO CARLOS NO TOQUE,2026-07-10,,
SP,BR099982026,"QUAEST PESQUISAS, CONSULTORIA E PROJETOS LTDA.",2026-07-23..2026-07-27,1650,i-p360-uf,BANCO GENIAL S.A.,2026-07-23,https://www.poder360.com.br/poder-eleicoes-2026/flavio-bolsonaro-tem-40-e-lula-35-no-2o-turno-em-sao-paulo/,
SP,BR090712026,INSTITUTO PARANA DE PESQUISAS E ANALISE DE CONSUMIDOR LTDA,2026-07-25..2026-07-28,1680,i-p360-irma-integra,INSTITUTO PARANA DE PESQUISAS E ANALISE DE CONSUMIDOR LTDA,2026-07-23,,
SP,BR078382026,PIMENTEL & CARPENTIERI CONSULTORIA DE MARKETING LTDA,2026-07-27..2026-07-30,800,i-p360-uf,PIMENTEL & CARPENTIERI CONSULTORIA DE MARKETING LTDA,2026-07-25,,
SP,BR030252026,AMERICAN ANALYTICS,2026-08-04..2026-08-08,1500,ii-imprensa,TIMES BRASIL MEDIA LTDA,2026-08-03,,
SP,BR022442026,INSTITUTO VOX BRASIL OPINIAO E PESQUISAS LTDA,2026-08-11..2026-08-14,2000,ii-imprensa,INSTITUTO VOX BRASIL OPINIAO E PESQUISAS LTDA,2026-08-10,,
TO,BR041182026,VERITA,2026-03-29..2026-04-04,1220,ii-imprensa,INSTITUTO VERITA LTDA,2026-03-28,,
TO,BR015242026,VERITA,2026-06-03..2026-06-07,1220,ii-imprensa,INSTITUTO VERITA LTDA,2026-06-03,,
TO,BR059292026,INSTITUTO PARANA DE PESQUISAS E ANALISE DE CONSUMIDOR LTDA,2026-06-07..2026-06-09,1300,ii-imprensa,INSTITUTO PARANA DE PESQUISAS E ANALISE DE CONSUMIDOR LTDA,2026-06-04,,
TO,BR072372026,VERITA,2026-07-09..2026-07-13,1220,ii-imprensa,INSTITUTO VERITA LTDA,2026-07-08,,
TO,BR055732026,NEXUS,2026-07-30..2026-08-02,1200,ii-imprensa,FEDERACAO DAS ASSOCIACOES DAS RADIOS COMUNITARIAS DO ESTADO DO TOCANTINS / FARCOM-TO,2026-07-29,,
