protocolo,instituto,campo,n,contratante,registro_dt,confianca,base
BR067312026,"BOAS IDEIAS, ESTRATEGIA E INTELIGENCIA DIGITAL.",2026-01-08..2026-01-12,2000,BOAS IDEIAS INTELIGENCIA EM PESQUISA E ESTRATEGIA DIGITAL LTDA,2026-01-07,high,muni:abrangencia=nacional
BR008352026,#NULO#,2026-01-08..2026-01-11,2004,"QUAEST PESQUISAS, CONSULTORIA E PROJETOS LTDA.",2026-01-08,high,muni:abrangencia=nacional
BR028042026,ATLASINTEL,2026-01-15..2026-01-20,5000,ATLASINTEL TECNOLOGIA DE DADOS LTDA,2026-01-15,high,plano:universo=brasil
BR082332026,100 CIDADES,2026-01-15..2026-01-19,2000,100% CIDADES PARTICIPACOES LTDA,2026-01-16,high,muni:abrangencia=nacional
BR082542026,#NULO#,2026-01-25..2026-01-28,2080,INSTITUTO PARANA DE PESQUISAS E ANALISE DE CONSUMIDOR LTDA,2026-01-23,high,meto:realizada=nacional
BR037962026,JOTA JORNALISMO,2026-01-05..2026-01-31,5000,JOTA JORNALISMO S/A,2026-01-26,high,plano:universo=brasil
BR091232026,DATA POVO CONSULTORIA,2026-01-18..2026-01-21,1300,DATA POVO INSTITUTO DE PESQUISAS MARKETING E CONSULTORIA LTDA,2026-01-28,high,plano:universo=brasil
BR045192026,GRUPO GERP GERP MERCADO GERP OPINIAO GERPAUDIT,2026-01-26..2026-01-30,2000,GERP MERCADOLOGIA LTDA,2026-01-29,medium,nacional-marker
BR084252026,"BOAS IDEIAS, ESTRATEGIA E INTELIGENCIA DIGITAL.",2026-01-30..2026-02-02,1500,BOAS IDEIAS INTELIGENCIA EM PESQUISA E ESTRATEGIA DIGITAL LTDA,2026-01-29,high,muni:abrangencia=nacional
BR064282026,REAL TIME BIG DATA,2026-02-06..2026-02-07,2000,REAL TIME MIDIA LTDA,2026-02-03,high,meto:universo=brasil
BR022762026,100 CIDADES,2026-02-03..2026-02-07,2000,100% CIDADES PARTICIPACOES LTDA,2026-02-04,high,muni:abrangencia=nacional
BR042912026,#NULO#,2026-02-05..2026-02-09,2004,COLECTTA INSTITUTO DE PESQUISA E ESTATISTICA LTDA,2026-02-05,high,muni:abrangencia=nacional
BR002492026,#NULO#,2026-02-05..2026-02-09,2004,"QUAEST PESQUISAS, CONSULTORIA E PROJETOS LTDA.",2026-02-05,high,muni:abrangencia=nacional
BR076002026,ATLASINTEL,2026-02-19..2026-02-24,5000,ATLASINTEL TECNOLOGIA DE DADOS LTDA,2026-02-19,high,plano:universo=brasil
BR079742026,#NULO#,2026-02-22..2026-02-25,2080,INSTITUTO PARANA DE PESQUISAS E ANALISE DE CONSUMIDOR LTDA,2026-02-21,high,meto:realizada=nacional
BR093532026,REAL TIME BIG DATA,2026-02-28..2026-03-02,2000,REAL TIME MIDIA LTDA,2026-02-25,high,meto:universo=brasil
BR037152026,#NULO#,2026-03-03..2026-03-05,2004,DATAFOLHA INSTITUTO DE PESQUISAS LTDA.,2026-02-27,high,muni:abrangencia=nacional
BR037422026,#NULO#,2026-02-27..2026-03-03,9000,VETOR ARROW INSTITUTO DE PESQUISA E OPINIAO LTDA,2026-02-27,high,muni:abrangencia=nacional
BR066072026,100 CIDADES,2026-03-02..2026-03-06,2000,100% CIDADES PARTICIPACOES LTDA,2026-03-05,high,muni:abrangencia=nacional
BR058092026,#NULO#,2026-03-06..2026-03-09,2004,"QUAEST PESQUISAS, CONSULTORIA E PROJETOS LTDA.",2026-03-05,high,muni:abrangencia=nacional
BR003862026,"BOAS IDEIAS, ESTRATEGIA E INTELIGENCIA DIGITAL.",2026-03-06..2026-03-10,1500,BOAS IDEIAS INTELIGENCIA EM PESQUISA E ESTRATEGIA DIGITAL LTDA,2026-03-05,high,muni:abrangencia=nacional
BR042272026,ATLASINTEL,2026-03-18..2026-03-23,5000,ATLASINTEL TECNOLOGIA DE DADOS LTDA,2026-03-18,high,plano:universo=brasil
BR028462026,GRUPO GERP GERP MERCADO GERP OPINIAO GERPAUDIT,2026-03-21..2026-03-27,2000,GERP MERCADOLOGIA LTDA,2026-03-19,medium,nacional-marker
BR008732026,#NULO#,2026-03-25..2026-03-28,2080,INSTITUTO PARANA DE PESQUISAS E ANALISE DE CONSUMIDOR LTDA,2026-03-24,high,meto:realizada=nacional
BR093712026,JOTA JORNALISMO,2026-03-01..2026-03-30,5000,JOTA JORNALISMO S/A,2026-03-24,high,plano:universo=brasil
BR078752026,NEXUS,2026-03-27..2026-03-29,2000,NEXUS PESQUISA E INTELIGENCIA DE DADOS LTDA,2026-03-24,medium,nacional-marker
BR060582026,ATLASINTEL,2026-03-16..2026-03-23,4200,ATLASINTEL TECNOLOGIA DE DADOS LTDA,2026-03-25,high,plano:universo=brasil
BR024762026,VERITA,2026-03-13..2026-04-04,40500,INSTITUTO VERITA LTDA,2026-03-29,high,muni:abrangencia=nacional
BR006052026,"BOAS IDEIAS, ESTRATEGIA E INTELIGENCIA DIGITAL.",2026-04-03..2026-04-07,1500,BOAS IDEIAS INTELIGENCIA EM PESQUISA E ESTRATEGIA DIGITAL LTDA,2026-04-02,high,muni:abrangencia=nacional
BR037702026,#NULO#,2026-04-07..2026-04-09,2004,DATAFOLHA INSTITUTO DE PESQUISAS LTDA.,2026-04-05,high,muni:abrangencia=nacional
BR082822026,100 CIDADES,2026-04-07..2026-04-11,2000,100% CIDADES PARTICIPACOES LTDA,2026-04-08,high,muni:abrangencia=nacional
BR028472026,#NULO#,2026-04-08..2026-04-12,2002,MDA-PESQUISA DE OPINIAO PUBLICA E CONSULT. ESTATIST. LTDA - EPP,2026-04-08,high,muni:abrangencia=nacional
BR092852026,#NULO#,2026-04-10..2026-04-13,2004,"QUAEST PESQUISAS, CONSULTORIA E PROJETOS LTDA.",2026-04-09,high,muni:abrangencia=nacional
BR010752026,NEXUS,2026-04-24..2026-04-26,2000,NEXUS PESQUISA E INTELIGENCIA DE DADOS LTDA,2026-04-21,medium,nacional-marker
BR079922026,ATLASINTEL,2026-04-22..2026-04-27,5000,ATLASINTEL TECNOLOGIA DE DADOS LTDA,2026-04-22,high,plano:universo=brasil
BR036272026,REAL TIME BIG DATA,2026-05-02..2026-05-04,2000,REAL TIME MIDIA LTDA,2026-04-29,high,meto:universo=brasil
BR053562026,"BOAS IDEIAS, ESTRATEGIA E INTELIGENCIA DIGITAL.",2026-05-01..2026-05-05,1500,BOAS IDEIAS INTELIGENCIA EM PESQUISA E ESTRATEGIA DIGITAL LTDA,2026-04-30,high,muni:abrangencia=nacional
BR031452026,INSTITUTO PHOENIX & ASSOCIADOS,2026-05-03..2026-05-06,1203,J J COELHO,2026-05-01,high,plano:universo=brasil
BR036782026,100 CIDADES,2026-05-04..2026-05-08,2000,100% CIDADES PARTICIPACOES LTDA,2026-05-05,high,muni:abrangencia=nacional
BR035982026,#NULO#,2026-05-08..2026-05-11,2004,"QUAEST PESQUISAS, CONSULTORIA E PROJETOS LTDA.",2026-05-07,high,muni:abrangencia=nacional
BR006952026,IPSENSUS PESQUISAS,2026-05-09..2026-05-13,1500,LAIS CRISTINA RODRIGUES DE OLIVEIRA LTDA,2026-05-08,high,plano:universo=brasil
BR024232026,#NULO#,2026-05-09..2026-05-12,2100,INSTITUTO VOX BRASIL OPINIAO E PESQUISAS LTDA,2026-05-08,high,plano:universo=brasil
BR033692026,GRUPO GERP GERP MERCADO GERP OPINIAO GERPAUDIT,2026-05-07..2026-05-11,2000,GERP MERCADOLOGIA LTDA,2026-05-08,medium,nacional-marker
BR002902026,#NULO#,2026-05-12..2026-05-14,2004,DATAFOLHA INSTITUTO DE PESQUISAS LTDA.,2026-05-09,high,muni:abrangencia=nacional
BR058882026,VERITA,2026-05-11..2026-05-15,3330,INSTITUTO VERITA LTDA,2026-05-10,high,muni:abrangencia=nacional
BR069392026,ATLASINTEL,2026-05-13..2026-05-18,5000,ATLASINTEL TECNOLOGIA DE DADOS LTDA,2026-05-13,high,plano:universo=brasil
BR024162026,#NULO#,2026-05-17..2026-05-19,2100,INSTITUTO VOX BRASIL OPINIAO E PESQUISAS LTDA,2026-05-14,high,plano:universo=brasil
BR065292026,100 CIDADES,2026-05-15..2026-05-21,2000,100% CIDADES PARTICIPACOES LTDA,2026-05-15,high,muni:abrangencia=nacional
BR074892026,#NULO#,2026-05-20..2026-05-22,2004,DATAFOLHA INSTITUTO DE PESQUISAS LTDA.,2026-05-16,high,muni:abrangencia=nacional
BR079712026,GRUPO GERP GERP MERCADO GERP OPINIAO GERPAUDIT,2026-05-19..2026-05-22,2000,GERP MERCADOLOGIA LTDA,2026-05-16,medium,nacional-marker
BR093012026,#NULO#,2026-05-15..2026-05-19,9000,VETOR ARROW INSTITUTO DE PESQUISA E OPINIAO LTDA,2026-05-18,high,muni:abrangencia=nacional
BR041932026,NEXUS,2026-05-22..2026-05-24,2000,NEXUS PESQUISA E INTELIGENCIA DE DADOS LTDA,2026-05-19,medium,nacional-marker
BR021542026,INDEXA PESQUISAS,2026-05-22..2026-05-24,2000,INSTITUTO INDEXA PESQUISAS LTDA,2026-05-21,high,plano:universo=brasil
BR042762026,VERITA,2026-05-22..2026-05-26,3330,INSTITUTO VERITA LTDA,2026-05-21,high,muni:abrangencia=nacional
BR029972026,JOTA JORNALISMO,2026-04-20..2026-05-23,6000,JOTA JORNALISMO S/A,2026-05-21,high,plano:universo=brasil
BR029182026,"BOAS IDEIAS, ESTRATEGIA E INTELIGENCIA DIGITAL.",2026-05-23..2026-05-27,1500,BOAS IDEIAS INTELIGENCIA EM PESQUISA E ESTRATEGIA DIGITAL LTDA,2026-05-22,high,muni:abrangencia=nacional
BR048822026,PODERDATA,2026-05-25..2026-05-28,2400,"PODERDATA PESQUISA, JORNALISMO E COMUNICACAO LTDA",2026-05-23,high,muni:abrangencia=nacional
BR058642026,REAL TIME BIG DATA,2026-05-29..2026-05-30,2000,REAL TIME MIDIA LTDA,2026-05-26,high,meto:universo=brasil
BR080162026,#NULO#,2026-06-01..2026-06-03,2100,INSTITUTO VOX BRASIL OPINIAO E PESQUISAS LTDA,2026-05-30,high,plano:universo=brasil
BR017922026,GRUPO GERP GERP MERCADO GERP OPINIAO GERPAUDIT,2026-06-01..2026-06-05,2000,GERP MERCADOLOGIA LTDA,2026-06-03,medium,nacional-marker
BR076612026,#NULO#,2026-06-05..2026-06-08,2004,"QUAEST PESQUISAS, CONSULTORIA E PROJETOS LTDA.",2026-06-04,high,muni:abrangencia=nacional
BR019922026,NUMEN DATA,2026-06-08..2026-06-11,2400,NUMEN DATA PESQUISA E CONSULTORIA LTDA,2026-06-06,medium,nacional-marker
BR066452026,NEXUS,2026-06-12..2026-06-14,2000,NEXUS PESQUISA E INTELIGENCIA DE DADOS LTDA,2026-06-09,medium,nacional-marker
BR014612026,100 CIDADES,2026-06-08..2026-06-12,2000,100% CIDADES PARTICIPACOES LTDA,2026-06-10,high,muni:abrangencia=nacional
BR042562026,#NULO#,2026-06-10..2026-06-14,2002,MDA-PESQUISA DE OPINIAO PUBLICA E CONSULT. ESTATIST. LTDA - EPP,2026-06-10,high,muni:abrangencia=nacional
BR099562026,#NULO#,2026-06-17..2026-06-19,2004,DATAFOLHA INSTITUTO DE PESQUISAS LTDA.,2026-06-13,high,muni:abrangencia=nacional
BR089442026,INDEXA PESQUISAS,2026-06-18..2026-06-20,2000,INSTITUTO INDEXA PESQUISAS LTDA,2026-06-17,high,muni:universo=brasil
BR096572026,GRUPO GERP GERP MERCADO GERP OPINIAO GERPAUDIT,2026-06-15..2026-06-19,2000,GERP MERCADOLOGIA LTDA,2026-06-18,medium,nacional-marker
BR061502026,JOTA JORNALISMO,2026-06-01..2026-06-21,6000,JOTA JORNALISMO S/A,2026-06-18,high,plano:universo=brasil
BR050972026,AGILI PESQUISAS,2026-06-17..2026-06-25,1100,AGILI PESQUISAS E MARKETING EIRELI,2026-06-18,high,plano:universo=brasil
BR057222026,PODERDATA,2026-06-21..2026-06-24,2400,"PODERDATA PESQUISA, JORNALISMO E COMUNICACAO LTDA",2026-06-19,high,muni:abrangencia=nacional
BR066302026,#NULO#,2026-06-23..2026-06-25,2100,INSTITUTO VOX BRASIL OPINIAO E PESQUISAS LTDA,2026-06-20,high,plano:universo=brasil
BR085212026,NEXUS,2026-06-26..2026-06-28,2000,NEXUS PESQUISA E INTELIGENCIA DE DADOS LTDA,2026-06-23,medium,nacional-marker
BR045822026,ATLASINTEL,2026-06-25..2026-06-30,5000,ATLASINTEL TECNOLOGIA DE DADOS LTDA,2026-06-25,high,plano:universo=brasil
BR056282026,"BOAS IDEIAS, ESTRATEGIA E INTELIGENCIA DIGITAL.",2026-07-03..2026-07-06,1500,BOAS IDEIAS INTELIGENCIA EM PESQUISA E ESTRATEGIA DIGITAL LTDA,2026-07-02,high,muni:abrangencia=nacional
BR030672026,GRUPO GERP GERP MERCADO GERP OPINIAO GERPAUDIT,2026-07-03..2026-07-07,2000,GERP MERCADOLOGIA LTDA,2026-07-02,medium,nacional-marker
BR079812026,NEXUS,2026-07-10..2026-07-12,2000,NEXUS PESQUISA E INTELIGENCIA DE DADOS LTDA,2026-07-07,medium,nacional-marker
BR072942026,100 CIDADES,2026-07-07..2026-07-11,2000,100% CIDADES PARTICIPACOES LTDA,2026-07-08,high,muni:abrangencia=nacional
BR071812026,#NULO#,2026-07-10..2026-07-13,2004,"QUAEST PESQUISAS, CONSULTORIA E PROJETOS LTDA.",2026-07-09,high,muni:abrangencia=nacional
BR000592026,PODERDATA,2026-07-12..2026-07-15,2400,"PODERDATA PESQUISA, JORNALISMO E COMUNICACAO LTDA",2026-07-10,high,muni:abrangencia=nacional
BR000642026,INSTITUTO MAIS,2026-07-15..2026-07-20,1200,INSTITUTO MAIS,2026-07-15,high,plano:universo=brasil
BR092472026,REAL TIME BIG DATA,2026-07-18..2026-07-20,2000,REAL TIME MIDIA LTDA,2026-07-15,high,meto:realizada=nacional
BR029042026,INDEXA PESQUISAS,2026-07-16..2026-07-19,2000,INSTITUTO INDEXA PESQUISAS LTDA,2026-07-15,high,muni:universo=brasil
BR050262026,GRUPO GERP GERP MERCADO GERP OPINIAO GERPAUDIT,2026-07-15..2026-07-20,2000,GERP MERCADOLOGIA LTDA,2026-07-16,medium,nacional-marker
BR011662026,#NULO#,2026-07-22..2026-07-24,2004,DATAFOLHA INSTITUTO DE PESQUISAS LTDA.,2026-07-18,high,muni:abrangencia=nacional
BR098232026,JOTA JORNALISMO,2026-06-24..2026-07-19,6000,JOTA JORNALISMO S/A,2026-07-20,high,plano:universo=brasil
BR078782026,INSTITUTO MAIS,2026-07-21..2026-07-26,1200,INSTITUTO MAIS,2026-07-21,high,plano:universo=brasil
BR014892026,NEXUS,2026-07-24..2026-07-26,2000,NEXUS PESQUISA E INTELIGENCIA DE DADOS LTDA,2026-07-21,medium,nacional-marker
BR086022026,ATLASINTEL,2026-07-22..2026-07-27,5000,ATLASINTEL TECNOLOGIA DE DADOS LTDA,2026-07-22,high,plano:universo=brasil
BR078452026,PODERDATA,2026-07-26..2026-07-29,2400,"PODERDATA PESQUISA, JORNALISMO E COMUNICACAO LTDA",2026-07-24,high,muni:abrangencia=nacional
BR010842026,#NULO#,2026-07-26..2026-07-28,2100,INSTITUTO VOX BRASIL OPINIAO E PESQUISAS LTDA,2026-07-25,high,plano:universo=brasil
BR028742026,NEXUS,2026-07-31..2026-08-02,2000,NEXUS PESQUISA E INTELIGENCIA DE DADOS LTDA,2026-07-28,medium,nacional-marker
BR045792026,"BOAS IDEIAS, ESTRATEGIA E INTELIGENCIA DIGITAL.",2026-07-31..2026-08-03,1500,BOAS IDEIAS INTELIGENCIA EM PESQUISA E ESTRATEGIA DIGITAL LTDA,2026-07-30,high,muni:abrangencia=nacional
BR065912026,#NULO#,2026-07-31..2026-08-03,2004,"QUAEST PESQUISAS, CONSULTORIA E PROJETOS LTDA.",2026-07-30,high,muni:abrangencia=nacional
BR010782026,INSTITUTO PHOENIX & ASSOCIADOS,2026-08-04..2026-08-07,1311,J J COELHO,2026-08-03,high,plano:universo=brasil
BR065962026,PALVER,2026-08-03..2026-08-09,5000,PALVER CONSULTORIA E DESENVOLVIMENTO TECNOLOGICO LTDA.,2026-08-04,medium,nacional-marker
BR080452026,GRUPO GERP GERP MERCADO GERP OPINIAO GERPAUDIT,2026-08-06..2026-08-10,2400,GERP MERCADOLOGIA LTDA,2026-08-04,medium,nacional-marker
BR084282026,NEXUS,2026-08-07..2026-08-09,2000,NEXUS PESQUISA E INTELIGENCIA DE DADOS LTDA,2026-08-04,medium,nacional-marker
BR069352026,#NULO#,2026-08-05..2026-08-09,2002,MDA-PESQUISA DE OPINIAO PUBLICA E CONSULT. ESTATIST. LTDA - EPP,2026-08-05,high,muni:abrangencia=nacional
BR081092026,100 CIDADES,2026-08-03..2026-08-06,2000,100% CIDADES PARTICIPACOES LTDA,2026-08-05,high,muni:abrangencia=nacional
BR068682026,PODERDATA,2026-08-09..2026-08-12,2400,"PODERDATA PESQUISA, JORNALISMO E COMUNICACAO LTDA",2026-08-07,high,muni:abrangencia=nacional
BR067732026,#NULO#,2026-08-10..2026-08-13,2004,"QUAEST PESQUISAS, CONSULTORIA E PROJETOS LTDA.",2026-08-08,high,muni:abrangencia=nacional
BR033172026,NEXUS,2026-08-14..2026-08-16,2000,NEXUS PESQUISA E INTELIGENCIA DE DADOS LTDA,2026-08-11,medium,nacional-marker
